Workbook

Sheet Sprint 1
A1: Project name: | C1: THIẾT KẾ VÀ PHÁT TRIỂN NỀN TẢNG HỌC TẬP THÔNG MINH TÍCH HỢP TRỢ LÝ ẢO AI VÀ CÁ NHÂN HOÁ LỘ TRÌNH HỌC TẬP | E1: Kết thúc đúng hạn
A2: Module name: | C2: Sprint 1 | E2: Muộn
A3: Start date: | C3: 22/3/2026 | E3: Trước thời hạn
A4: End date: | C4: 46207
B6: SPRINT 1 REPORT
B7: No | C7: Thành viên | D7: Thực tế | E7: Ước tính
B8: 1 | C8: Trần Duy Dũng | D8: {=SUMPRODUCT( ISNUMBER(SEARCH("All Team",D16:D89))*(E16:E89/5) + ISNUMBER(SEARCH("Dũng",D16:D89))* E16:E89/(LEN(D16:D89)-LEN(SUBSTITUTE(D16:D89,",",""))+1) )} -> 35.3 | E8: {=SUMPRODUCT( ISNUMBER(SEARCH("All Team",D16:D89))*(F16:F89/5) + ISNUMBER(SEARCH("Dũng",D16:D89))* F16:F89/(LEN(D16:D89)-LEN(SUBSTITUTE(D16:D89,",",""))+1) )} -> 35.3
B9: 2 | C9: Trần Thị Thuý Hằng | D9: {=SUMPRODUCT( ISNUMBER(SEARCH("All Team",D16:D89))*(E16:E89/5) + ISNUMBER(SEARCH("Hằng",D16:D89))* E16:E89/(LEN(D16:D89)-LEN(SUBSTITUTE(D16:D89,",",""))+1) )} -> 34.8 | E9: {=SUMPRODUCT( ISNUMBER(SEARCH("All Team",D16:D89))*(F16:F89/5) + ISNUMBER(SEARCH("Hằng",D16:D89))* F16:F89/(LEN(D16:D89)-LEN(SUBSTITUTE(D16:D89,",",""))+1) )} -> 31.8
B10: 3 | C10: Trần Huy Hoàng | D10: {=SUMPRODUCT( ISNUMBER(SEARCH("All Team",D16:D89))*(E16:E89/5) + ISNUMBER(SEARCH("Hoàng",D16:D89))* E16:E89/(LEN(D16:D89)-LEN(SUBSTITUTE(D16:D89,",",""))+1) )} -> 36.3 | E10: {=SUMPRODUCT( ISNUMBER(SEARCH("All Team",D16:D89))*(F16:F89/5) + ISNUMBER(SEARCH("Hoàng",D16:D89))* F16:F89/(LEN(D16:D89)-LEN(SUBSTITUTE(D16:D89,",",""))+1) )} -> 34.3
B11: 4 | C11: Nguyễn Lê Nguyên | D11: {=SUMPRODUCT( ISNUMBER(SEARCH("All Team",D16:D89))*(E16:E89/5) + ISNUMBER(SEARCH("Nguyên",D16:D89))* E16:E89/(LEN(D16:D89)-LEN(SUBSTITUTE(D16:D89,",",""))+1) )} -> 36.8 | E11: {=SUMPRODUCT( ISNUMBER(SEARCH("All Team",D16:D89))*(F16:F89/5) + ISNUMBER(SEARCH("Nguyên",D16:D89))* F16:F89/(LEN(D16:D89)-LEN(SUBSTITUTE(D16:D89,",",""))+1) )} -> 33.8
B12: 5 | C12: Trần Thị Yến Nhi | D12: {=SUMPRODUCT( ISNUMBER(SEARCH("All Team",D16:D89))*(E16:E89/5) + ISNUMBER(SEARCH("Nhi",D16:D89))* E16:E89/(LEN(D16:D89)-LEN(SUBSTITUTE(D16:D89,",",""))+1) )} -> 35.3 | E12: {=SUMPRODUCT( ISNUMBER(SEARCH("All Team",D16:D89))*(F16:F89/5) + ISNUMBER(SEARCH("Nhi",D16:D89))* F16:F89/(LEN(D16:D89)-LEN(SUBSTITUTE(D16:D89,",",""))+1) )} -> 34.8
B13: Tổng | D13: =SUM(D8:D12) -> 178.5 | E13: =SUM(E8:E12) -> 170
A15: Sprint | B15: Compoment | C15: Task name | D15: Responsible Member | E15: Thực tế | F15: Ước tính | G15: 46103 | H15: 46104 | I15: 46105 | J15: 46106 | K15: 46107 | L15: 46108 | M15: 46109 | N15: 46110 | O15: 46111 | P15: 46112 | Q15: 46113 | R15: 46114 | S15: 46115 | T15: 46116 | U15: 46117 | V15: 46118 | W15: 46119
A16: Sprint 1 | B16: Họp kế hoạch Sprint | D16: All Team | E16: =IF(NOT(ISNUMBER(F16)),0, IF(NOT(ISNUMBER(F17)), F16 + IFERROR(INDEX(H17:Z17, MATCH(0, G16:Z16, 0)), 0), F16 ) ) -> 6 | F16: 6 | G16: 0 | H16: 0 | I16: 0 | J16: 0 | K16: 0 | L16: 0 | M16: 0 | N16: 0 | O16: 0 | P16: 0 | Q16: 0 | R16: 0 | S16: 0 | T16: 0 | U16: 0 | V16: 0 | W16: 0
B17: Tạo Sprint Backlog 1 | D17: Hằng, Nhi | E17: =IF(NOT(ISNUMBER(F17)),0, IF(NOT(ISNUMBER(F18)), F17 + IFERROR(INDEX(G18:Z18, MATCH(0, H17:Z17, 0)), 0), F17 ) ) -> 7 | F17: 7 | G17: 5 | H17: 0 | I17: 0 | J17: 0 | K17: 0 | L17: 0 | M17: 0 | N17: 0 | O17: 0 | P17: 0 | Q17: 0 | R17: 0 | S17: 0 | T17: 0 | U17: 0 | V17: 0 | W17: 0
B18: Tạo tài liệu kiểm thử cho Sprint | D18: Nguyên, Hằng | E18: =IF(NOT(ISNUMBER(F18)),0, IF(NOT(ISNUMBER(F19)), F18 + IFERROR(INDEX(G19:Z19, MATCH(0, G18:Z18, 0)), 0), F18 ) ) -> 9 | F18: 7 | G18: 5 | H18: 0 | I18: 0 | J18: 0 | K18: 0 | L18: 0 | M18: 0 | N18: 0 | O18: 0 | P18: 0 | Q18: 0 | R18: 0 | S18: 0 | T18: 0 | U18: 0 | V18: 0 | W18: 0
E19: =IF(NOT(ISNUMBER(F19)),0, IF(NOT(ISNUMBER(F20)), F19 + IFERROR(INDEX(G20:Z20, MATCH(0, G19:Z19, 0)), 0), F19 ) ) -> 0 | H19: 2
B20: User interface design | C20: Đăng ký | D20: Dũng | E20: =IF(NOT(ISNUMBER(F20)),0, IF(NOT(ISNUMBER(F21)), F20 + IFERROR(INDEX(G21:Z21, MATCH(0, G20:Z20, 0)), 0), F20 ) ) -> 2 | F20: 2 | G20: 2 | H20: 2 | I20: 1 | J20: 0 | K20: 0 | L20: 0 | M20: 0 | N20: 0 | O20: 0 | P20: 0 | Q20: 0 | R20: 0 | S20: 0 | T20: 0 | U20: 0 | V20: 0 | W20: 0
C21: Đăng nhập | D21: Dũng | E21: =IF(NOT(ISNUMBER(F21)),0, IF(NOT(ISNUMBER(F22)), F21 + IFERROR(INDEX(G22:Z22, MATCH(0, G21:Z21, 0)), 0), F21 ) ) -> 2 | F21: 2 | G21: 2 | H21: 2 | I21: 1 | J21: 0 | K21: 0 | L21: 0 | M21: 0 | N21: 0 | O21: 0 | P21: 0 | Q21: 0 | R21: 0 | S21: 0 | T21: 0 | U21: 0 | V21: 0 | W21: 0
C22: Tổng quan | D22: Hoàng | E22: =IF(NOT(ISNUMBER(F22)),0, IF(NOT(ISNUMBER(F23)), F22 + IFERROR(INDEX(G23:Z23, MATCH(0, G22:Z22, 0)), 0), F22 ) ) -> 2 | F22: 2 | G22: 2 | H22: 2 | I22: 1 | J22: 0 | K22: 0 | L22: 0 | M22: 0 | N22: 0 | O22: 0 | P22: 0 | Q22: 0 | R22: 0 | S22: 0 | T22: 0 | U22: 0 | V22: 0 | W22: 0
C23: Quên mật khẩu | D23: Hoàng | E23: =IF(NOT(ISNUMBER(F23)),0, IF(NOT(ISNUMBER(F24)), F23 + IFERROR(INDEX(G24:Z24, MATCH(0, G23:Z23, 0)), 0), F23 ) ) -> 2 | F23: 2 | G23: 2 | H23: 2 | I23: 1 | J23: 0 | K23: 0 | L23: 0 | M23: 0 | N23: 0 | O23: 0 | P23: 0 | Q23: 0 | R23: 0 | S23: 0 | T23: 0 | U23: 0 | V23: 0 | W23: 0
C24: Quản lý thông tin cá nhân | D24: Nhi | E24: =IF(NOT(ISNUMBER(F24)),0, IF(NOT(ISNUMBER(F25)), F24 + IFERROR(INDEX(G25:Z25, MATCH(0, G24:Z24, 0)), 0), F24 ) ) -> 1.5 | F24: 2 | G24: 2 | H24: 2 | I24: 1 | J24: 0 | K24: 0 | L24: 0 | M24: 0 | N24: 0 | O24: 0 | P24: 0 | Q24: 0 | R24: 0 | S24: 0 | T24: 0 | U24: 0 | V24: 0 | W24: 0
E25: =IF(NOT(ISNUMBER(F25)),0, IF(NOT(ISNUMBER(F26)), F25 + IFERROR(INDEX(G26:Z26, MATCH(0, G25:Z25, 0)), 0), F25 ) ) -> 0 | J25: -0.5
C26: Quản lý lịch học bằng calendar | D26: Hằng | E26: =IF(NOT(ISNUMBER(F26)),0, IF(NOT(ISNUMBER(F27)), F26 + IFERROR(INDEX(G27:Z27, MATCH(0, G26:Z26, 0)), 0), F26 ) ) -> 2 | F26: 2 | G26: 2 | H26: 2 | I26: 1 | J26: 0 | K26: 0 | L26: 0 | M26: 0 | N26: 0 | O26: 0 | P26: 0 | Q26: 0 | R26: 0 | S26: 0 | T26: 0 | U26: 0 | V26: 0 | W26: 0
C27: Quản lý danh sách công việc (todo-list) với mức độ ưu tiên và trạng thái | D27: Nguyên | E27: =IF(NOT(ISNUMBER(F27)),0, IF(NOT(ISNUMBER(F28)), F27 + IFERROR(INDEX(G28:Z28, MATCH(0, G27:Z27, 0)), 0), F27 ) ) -> 3 | F27: 2 | G27: 2 | H27: 2 | I27: 1 | J27: 0 | K27: 0 | L27: 0 | M27: 0 | N27: 0 | O27: 0 | P27: 0 | Q27: 0 | R27: 0 | S27: 0 | T27: 0 | U27: 0 | V27: 0 | W27: 0
E28: =IF(NOT(ISNUMBER(F28)),0, IF(NOT(ISNUMBER(F29)), F28 + IFERROR(INDEX(G29:Z29, MATCH(0, G28:Z28, 0)), 0), F28 ) ) -> 0 | J28: 1
C29: Review of Sprint 1 | D29: All Team | E29: =IF(NOT(ISNUMBER(F29)),0, IF(NOT(ISNUMBER(F30)), F29 + IFERROR(INDEX(G30:Z30, MATCH(0, G29:Z29, 0)), 0), F29 ) ) -> 6 | F29: 6 | G29: 6 | H29: 6 | I29: 3 | J29: 0 | K29: 0 | L29: 0 | M29: 0 | N29: 0 | O29: 0 | P29: 0 | Q29: 0 | R29: 0 | S29: 0 | T29: 0 | U29: 0 | V29: 0 | W29: 0
B30: Design test case | C30: Đăng ký | D30: Nhi | E30: =IF(NOT(ISNUMBER(F30)),0, IF(NOT(ISNUMBER(F31)), F30 + IFERROR(INDEX(G31:Z31, MATCH(0, G30:Z30, 0)), 0), F30 ) ) -> 2 | F30: 2 | G30: 2 | H30: 2 | I30: 2 | J30: 2 | K30: 1 | L30: 0 | M30: 0 | N30: 0 | O30: 0 | P30: 0 | Q30: 0 | R30: 0 | S30: 0 | T30: 0 | U30: 0 | V30: 0 | W30: 0
C31: Đăng nhập | D31: Nhi | E31: =IF(NOT(ISNUMBER(F31)),0, IF(NOT(ISNUMBER(F32)), F31 + IFERROR(INDEX(G32:Z32, MATCH(0, G31:Z31, 0)), 0), F31 ) ) -> 2 | F31: 2 | G31: 2 | H31: 2 | I31: 2 | J31: 2 | K31: 1 | L31: 0 | M31: 0 | N31: 0 | O31: 0 | P31: 0 | Q31: 0 | R31: 0 | S31: 0 | T31: 0 | U31: 0 | V31: 0 | W31: 0
C32: Tổng quan | D32: Nguyên | E32: =IF(NOT(ISNUMBER(F32)),0, IF(NOT(ISNUMBER(F33)), F32 + IFERROR(INDEX(G33:Z33, MATCH(0, G32:Z32, 0)), 0), F32 ) ) -> 1.5 | F32: 2 | G32: 2 | H32: 2 | I32: 2 | J32: 2 | K32: 1 | L32: 0 | M32: 0 | N32: 0 | O32: 0 | P32: 0 | Q32: 0 | R32: 0 | S32: 0 | T32: 0 | U32: 0 | V32: 0 | W32: 0
E33: =IF(NOT(ISNUMBER(F33)),0, IF(NOT(ISNUMBER(F34)), F33 + IFERROR(INDEX(G34:Z34, MATCH(0, G33:Z33, 0)), 0), F33 ) ) -> 0 | L33: -0.5
C34: Quên mật khẩu | D34: Nguyên | E34: =IF(NOT(ISNUMBER(F34)),0, IF(NOT(ISNUMBER(F35)), F34 + IFERROR(INDEX(G35:Z35, MATCH(0, G34:Z34, 0)), 0), F34 ) ) -> 2 | F34: 2 | G34: 2 | H34: 2 | I34: 2 | J34: 2 | K34: 1 | L34: 0 | M34: 0 | N34: 0 | O34: 0 | P34: 0 | Q34: 0 | R34: 0 | S34: 0 | T34: 0 | U34: 0 | V34: 0 | W34: 0
C35: Quản lý thông tin cá nhân | D35: Hằng | E35: =IF(NOT(ISNUMBER(F35)),0, IF(NOT(ISNUMBER(F36)), F35 + IFERROR(INDEX(G36:Z36, MATCH(0, G35:Z35, 0)), 0), F35 ) ) -> 4 | F35: 2 | G35: 2 | H35: 2 | I35: 2 | J35: 2 | K35: 1 | L35: 0 | M35: 0 | N35: 0 | O35: 0 | P35: 0 | Q35: 0 | R35: 0 | S35: 0 | T35: 0 | U35: 0 | V35: 0 | W35: 0
E36: =IF(NOT(ISNUMBER(F36)),0, IF(NOT(ISNUMBER(F37)), F36 + IFERROR(INDEX(G37:Z37, MATCH(0, G36:Z36, 0)), 0), F36 ) ) -> 0 | L36: 2
C37: Quản lý lịch học bằng calendar | D37: Dũng | E37: =IF(NOT(ISNUMBER(F37)),0, IF(NOT(ISNUMBER(F38)), F37 + IFERROR(INDEX(G38:Z38, MATCH(0, G37:Z37, 0)), 0), F37 ) ) -> 2 | F37: 2 | G37: 2 | H37: 2 | I37: 2 | J37: 2 | K37: 1 | L37: 0 | M37: 0 | N37: 0 | O37: 0 | P37: 0 | Q37: 0 | R37: 0 | S37: 0 | T37: 0 | U37: 0 | V37: 0 | W37: 0
C38: Quản lý danh sách công việc (todo-list) với mức độ ưu tiên và trạng thái | D38: Hoàng | E38: =IF(NOT(ISNUMBER(F38)),0, IF(NOT(ISNUMBER(F39)), F38 + IFERROR(INDEX(G39:Z39, MATCH(0, G38:Z38, 0)), 0), F38 ) ) -> 3 | F38: 2 | G38: 2 | H38: 2 | I38: 2 | J38: 2 | K38: 1 | L38: 0 | M38: 0 | N38: 0 | O38: 0 | P38: 0 | Q38: 0 | R38: 0 | S38: 0 | T38: 0 | U38: 0 | V38: 0 | W38: 0
E39: =IF(NOT(ISNUMBER(F39)),0, IF(NOT(ISNUMBER(F40)), F39 + IFERROR(INDEX(G40:Z40, MATCH(0, G39:Z39, 0)), 0), F39 ) ) -> 0 | L39: 1
C40: Review all test case of Sprint 1 | D40: All Team | E40: =IF(NOT(ISNUMBER(F40)),0, IF(NOT(ISNUMBER(F41)), F40 + IFERROR(INDEX(G41:Z41, MATCH(0, G40:Z40, 0)), 0), F40 ) ) -> 6 | F40: 6 | G40: 6 | H40: 6 | I40: 6 | J40: 6 | K40: 3 | L40: 0 | M40: 0 | N40: 0 | O40: 0 | P40: 0 | Q40: 0 | R40: 0 | S40: 0 | T40: 0 | U40: 0 | V40: 0 | W40: 0
B41: Coding | C41: Code BackEnd Đăng ký | D41: Dũng | E41: =IF(NOT(ISNUMBER(F41)),0, IF(NOT(ISNUMBER(#REF!)), F41 + IFERROR(INDEX(#REF!, MATCH(0, G41:Z41, 0)), 0), F41 ) ) -> 4 | F41: 4 | G41: 4 | H41: 4 | I41: 4 | J41: 4 | K41: 4 | L41: 4 | M41: 2 | N41: 1 | O41: 0 | P41: 0 | Q41: 0 | R41: 0 | S41: 0 | T41: 0 | U41: 0 | V41: 0 | W41: 0
C42: Code BackEnd Đăng nhập | D42: Dũng | E42: =IF(NOT(ISNUMBER(F42)),0, IF(NOT(ISNUMBER(F43)), F42 + IFERROR(INDEX(G43:Z43, MATCH(0, G42:Z42, 0)), 0), F42 ) ) -> 4 | F42: 4 | G42: 4 | H42: 4 | I42: 4 | J42: 4 | K42: 4 | L42: 4 | M42: 2 | N42: 1 | O42: 0 | P42: 0 | Q42: 0 | R42: 0 | S42: 0 | T42: 0 | U42: 0 | V42: 0 | W42: 0
C43: Code BackEnd Tổng quan | D43: Hoàng | E43: =IF(NOT(ISNUMBER(F43)),0, IF(NOT(ISNUMBER(#REF!)), F43 + IFERROR(INDEX(#REF!, MATCH(0, G43:Z43, 0)), 0), F43 ) ) -> 4 | F43: 4 | G43: 4 | H43: 4 | I43: 4 | J43: 4 | K43: 4 | L43: 4 | M43: 2 | N43: 1 | O43: 0 | P43: 0 | Q43: 0 | R43: 0 | S43: 0 | T43: 0 | U43: 0 | V43: 0 | W43: 0
C44: Code BackEnd Quên mật khẩu | D44: Hoàng | E44: =IF(NOT(ISNUMBER(F44)),0, IF(NOT(ISNUMBER(F45)), F44 + IFERROR(INDEX(G45:Z45, MATCH(0, G44:Z44, 0)), 0), F44 ) ) -> 4 | F44: 4 | G44: 4 | H44: 4 | I44: 4 | J44: 4 | K44: 4 | L44: 4 | M44: 3 | N44: 1 | O44: 0 | P44: 0 | Q44: 0 | R44: 0 | S44: 0 | T44: 0 | U44: 0 | V44: 0 | W44: 0
C45: Code BackEnd Quản lý thông tin cá nhân | D45: Nhi | E45: =IF(NOT(ISNUMBER(F45)),0, IF(NOT(ISNUMBER(F46)), F45 + IFERROR(INDEX(G46:Z46, MATCH(0, G45:Z45, 0)), 0), F45 ) ) -> 4 | F45: 4 | G45: 4 | H45: 4 | I45: 4 | J45: 4 | K45: 4 | L45: 4 | M45: 3 | N45: 1 | O45: 0 | P45: 0 | Q45: 0 | R45: 0 | S45: 0 | T45: 0 | U45: 0 | V45: 0 | W45: 0
C46: Code BackEnd Quản lý lịch học bằng calendar | D46: Hằng | E46: =IF(NOT(ISNUMBER(F46)),0, IF(NOT(ISNUMBER(F47)), F46 + IFERROR(INDEX(G47:Z47, MATCH(0, G46:Z46, 0)), 0), F46 ) ) -> 5 | F46: 4 | G46: 4 | H46: 4 | I46: 4 | J46: 4 | K46: 4 | L46: 4 | M46: 3 | N46: 1.5 | O46: 0 | P46: 0 | Q46: 0 | R46: 0 | S46: 0 | T46: 0 | U46: 0 | V46: 0 | W46: 0
E47: =IF(NOT(ISNUMBER(F47)),0, IF(NOT(ISNUMBER(F48)), F47 + IFERROR(INDEX(G48:Z48, MATCH(0, G47:Z47, 0)), 0), F47 ) ) -> 0 | O47: 1
C48: Code BackEnd Quản lý danh sách công việc (todo-list) với mức độ ưu tiên và trạng thái | D48: Nguyên | E48: =IF(NOT(ISNUMBER(F48)),0, IF(NOT(ISNUMBER(F49)), F48 + IFERROR(INDEX(G49:Z49, MATCH(0, G48:Z48, 0)), 0), F48 ) ) -> 5 | F48: 4 | G48: 4 | H48: 4 | I48: 4 | J48: 4 | K48: 4 | L48: 4 | M48: 3 | N48: 1.5 | O48: 0 | P48: 0 | Q48: 0 | R48: 0 | S48: 0 | T48: 0 | U48: 0 | V48: 0 | W48: 0
E49: =IF(NOT(ISNUMBER(F49)),0, IF(NOT(ISNUMBER(F50)), F49 + IFERROR(INDEX(G50:Z50, MATCH(0, G49:Z49, 0)), 0), F49 ) ) -> 0 | O49: 1
C50: Code FrontEnd Đăng ký | D50: Dũng | E50: =IF(NOT(ISNUMBER(F50)),0, IF(NOT(ISNUMBER(F51)), F50 + IFERROR(INDEX(G51:Z51, MATCH(0, G50:Z50, 0)), 0), F50 ) ) -> 3 | F50: 3 | G50: 3 | H50: 3 | I50: 3 | J50: 3 | K50: 3 | L50: 3 | M50: 3 | N50: 3 | O50: 2 | P50: 1 | Q50: 0.5 | R50: 0
C51: Code FrontEnd Đăng nhập | D51: Dũng | E51: =IF(NOT(ISNUMBER(F51)),0, IF(NOT(ISNUMBER(F52)), F51 + IFERROR(INDEX(G52:Z52, MATCH(0, G51:Z51, 0)), 0), F51 ) ) -> 3 | F51: 3 | G51: 3 | H51: 3 | I51: 3 | J51: 3 | K51: 3 | L51: 3 | M51: 3 | N51: 3 | O51: 2 | P51: 1 | Q51: 0.5 | R51: 0 | S51: 0 | T51: 0 | U51: 0 | V51: 0 | W51: 0
C52: Code FrontEnd Tổng quan | D52: Hoàng | E52: =IF(NOT(ISNUMBER(F52)),0, IF(NOT(ISNUMBER(F53)), F52 + IFERROR(INDEX(G53:Z53, MATCH(0, G52:Z52, 0)), 0), F52 ) ) -> 2.5 | F52: 3 | G52: 3 | H52: 3 | I52: 3 | J52: 3 | K52: 3 | L52: 3 | M52: 3 | N52: 3 | O52: 3 | P52: 2 | Q52: 1 | R52: 0 | S52: 0 | T52: 0 | U52: 0 | V52: 0 | W52: 0
E53: =IF(NOT(ISNUMBER(F53)),0, IF(NOT(ISNUMBER(F54)), F53 + IFERROR(INDEX(G54:Z54, MATCH(0, G53:Z53, 0)), 0), F53 ) ) -> 0 | R53: -0.5
C54: Code FrontEnd Quên mật khẩu | D54: Hoàng | E54: =IF(NOT(ISNUMBER(F54)),0, IF(NOT(ISNUMBER(F55)), F54 + IFERROR(INDEX(G55:Z55, MATCH(0, G54:Z54, 0)), 0), F54 ) ) -> 3 | F54: 3 | G54: 3 | H54: 3 | I54: 3 | J54: 3 | K54: 3 | L54: 3 | M54: 3 | N54: 3 | O54: 3 | P54: 2 | Q54: 1 | R54: 0 | S54: 0 | T54: 0 | U54: 0 | V54: 0 | W54: 0
C55: Code FrontEnd Quản lý thông tin cá nhân | D55: Nhi | E55: =IF(NOT(ISNUMBER(F55)),0, IF(NOT(ISNUMBER(F56)), F55 + IFERROR(INDEX(G56:Z56, MATCH(0, G55:Z55, 0)), 0), F55 ) ) -> 3 | F55: 3 | G55: 3 | H55: 3 | I55: 3 | J55: 3 | K55: 3 | L55: 3 | M55: 3 | N55: 3 | O55: 3 | P55: 2 | Q55: 1 | R55: 0 | S55: 0 | T55: 0 | U55: 0 | V55: 0 | W55: 0
C56: Code FrontEnd Quản lý lịch học bằng calendar | D56: Hằng | E56: =IF(NOT(ISNUMBER(F56)),0, IF(NOT(ISNUMBER(F57)), F56 + IFERROR(INDEX(G57:Z57, MATCH(0, G56:Z56, 0)), 0), F56 ) ) -> 3 | F56: 3 | G56: 3 | H56: 3 | I56: 3 | J56: 3 | K56: 3 | L56: 3 | M56: 3 | N56: 3 | O56: 3 | P56: 2 | Q56: 1 | R56: 0 | S56: 0 | T56: 0 | U56: 0 | V56: 0 | W56: 0
C57: Code FrontEnd Quản lý danh sách công việc (todo-list) với mức độ ưu tiên và trạng thái | D57: Nguyên | E57: =IF(NOT(ISNUMBER(F57)),0, IF(NOT(ISNUMBER(F58)), F57 + IFERROR(INDEX(G58:Z58, MATCH(0, G57:Z57, 0)), 0), F57 ) ) -> 3 | F57: 3 | G57: 3 | H57: 3 | I57: 3 | J57: 3 | K57: 3 | L57: 3 | M57: 3 | N57: 3 | O57: 3 | P57: 2 | Q57: 1 | R57: 0 | S57: 0 | T57: 0 | U57: 0 | V57: 0 | W57: 0
C58: Integrate Code | D58: All Team | E58: =IF(NOT(ISNUMBER(F58)),0, IF(NOT(ISNUMBER(F59)), F58 + IFERROR(INDEX(G59:Z59, MATCH(0, G58:Z58, 0)), 0), F58 ) ) -> 11 | F58: 11 | G58: 11 | H58: 11 | I58: 11 | J58: 11 | K58: 11 | L58: 11 | M58: 11 | N58: 11 | O58: 11 | P58: 8 | Q58: 4 | R58: 0 | S58: 0 | T58: 0 | U58: 0 | V58: 0 | W58: 0
B59: Testing | C59: Đăng ký | D59: Nhi | E59: =IF(NOT(ISNUMBER(F59)),0, IF(NOT(ISNUMBER(F60)), F59 + IFERROR(INDEX(G60:Z60, MATCH(0, G59:Z59, 0)), 0), F59 ) ) -> 4 | F59: 3 | G59: 3 | H59: 3 | I59: 3 | J59: 3 | K59: 3 | L59: 3 | M59: 3 | N59: 3 | O59: 3 | P59: 3 | Q59: 3 | R59: 2.5 | S59: 1 | T59: 0 | U59: 0 | V59: 0 | W59: 0
E60: =IF(NOT(ISNUMBER(F60)),0, IF(NOT(ISNUMBER(F61)), F60 + IFERROR(INDEX(G61:Z61, MATCH(0, G60:Z60, 0)), 0), F60 ) ) -> 0 | T60: 1
C61: Đăng nhập | D61: Nhi | E61: =IF(NOT(ISNUMBER(F61)),0, IF(NOT(ISNUMBER(F62)), F61 + IFERROR(INDEX(G62:Z62, MATCH(0, G61:Z61, 0)), 0), F61 ) ) -> 3 | F61: 3 | G61: 3 | H61: 3 | I61: 3 | J61: 3 | K61: 3 | L61: 3 | M61: 3 | N61: 3 | O61: 3 | P61: 3 | Q61: 3 | R61: 2.5 | S61: 1 | T61: 0 | U61: 0 | V61: 0 | W61: 0
C62: Tổng quan | D62: Nguyên | E62: =IF(NOT(ISNUMBER(F62)),0, IF(NOT(ISNUMBER(F63)), F62 + IFERROR(INDEX(G63:Z63, MATCH(0, G62:Z62, 0)), 0), F62 ) ) -> 0.5 | F62: 2 | G62: 2 | H62: 2 | I62: 2 | J62: 2 | K62: 2 | L62: 2 | M62: 2 | N62: 2 | O62: 2 | P62: 2 | Q62: 2 | R62: 2.5 | S62: 1 | T62: 0 | U62: 0 | V62: 0 | W62: 0
E63: =IF(NOT(ISNUMBER(F63)),0, IF(NOT(ISNUMBER(F64)), F63 + IFERROR(INDEX(G64:Z64, MATCH(0, G63:Z63, 0)), 0), F63 ) ) -> 0 | T63: -1.5
C64: Quên mật khẩu | D64: Nguyên | E64: =IF(NOT(ISNUMBER(F64)),0, IF(NOT(ISNUMBER(F65)), F64 + IFERROR(INDEX(G65:Z65, MATCH(0, G64:Z64, 0)), 0), F64 ) ) -> 3 | F64: 3 | G64: 3 | H64: 3 | I64: 3 | J64: 3 | K64: 3 | L64: 3 | M64: 3 | N64: 3 | O64: 3 | P64: 3 | Q64: 3 | R64: 2.5 | S64: 1 | T64: 0 | U64: 0 | V64: 0 | W64: 0
C65: Quản lý thông tin cá nhân | D65: Hằng | E65: =IF(NOT(ISNUMBER(F65)),0, IF(NOT(ISNUMBER(F66)), F65 + IFERROR(INDEX(G66:Z66, MATCH(0, G65:Z65, 0)), 0), F65 ) ) -> 2 | F65: 3 | G65: 3 | H65: 3 | I65: 3 | J65: 3 | K65: 3 | L65: 3 | M65: 3 | N65: 3 | O65: 3 | P65: 3 | Q65: 3 | R65: 2.5 | S65: 2 | T65: 0 | U65: 0 | V65: 0 | W65: 0
E66: =IF(NOT(ISNUMBER(F66)),0, IF(NOT(ISNUMBER(F67)), F66 + IFERROR(INDEX(G67:Z67, MATCH(0, G66:Z66, 0)), 0), F66 ) ) -> 0 | R66: 2.5 | T66: -1
C67: Quản lý lịch học bằng calendar | D67: Dũng | E67: =IF(NOT(ISNUMBER(F67)),0, IF(NOT(ISNUMBER(F68)), F67 + IFERROR(INDEX(G68:Z68, MATCH(0, G67:Z67, 0)), 0), F67 ) ) -> 3 | F67: 3 | G67: 3 | H67: 3 | I67: 3 | J67: 3 | K67: 3 | L67: 3 | M67: 3 | N67: 3 | O67: 3 | P67: 3 | Q67: 3 | R67: 2.5 | S67: 2 | T67: 0 | U67: 0 | V67: 0 | W67: 0
C68: Quản lý danh sách công việc (todo-list) với mức độ ưu tiên và trạng thái | D68: Hoàng | E68: =IF(NOT(ISNUMBER(F68)),0, IF(NOT(ISNUMBER(F69)), F68 + IFERROR(INDEX(G69:Z69, MATCH(0, G68:Z68, 0)), 0), F68 ) ) -> 4 | F68: 3 | G68: 3 | H68: 3 | I68: 3 | J68: 3 | K68: 3 | L68: 3 | M68: 3 | N68: 3 | O68: 3 | P68: 3 | Q68: 3 | R68: 2.5 | S68: 2 | T68: 0 | U68: 0 | V68: 0 | W68: 0
E69: =IF(NOT(ISNUMBER(F69)),0, IF(NOT(ISNUMBER(F70)), F69 + IFERROR(INDEX(G70:Z70, MATCH(0, G69:Z69, 0)), 0), F69 ) ) -> 0 | T69: 1
B70: Fix Bug | C70: Đăng ký | D70: Dũng | E70: =IF(NOT(ISNUMBER(F70)),0, IF(NOT(ISNUMBER(F71)), F70 + IFERROR(INDEX(G71:Z71, MATCH(0, G70:Z70, 0)), 0), F70 ) ) -> 1.5 | F70: 1.5 | G70: 1.5 | H70: 1.5 | I70: 1.5 | J70: 1.5 | K70: 1.5 | L70: 1.5 | M70: 1.5 | N70: 1.5 | O70: 1.5 | P70: 1.5 | Q70: 1.5 | R70: 1.5 | S70: 1.5 | T70: 1.5 | U70: 0 | V70: 0 | W70: 0
C71: Đăng nhập | D71: Dũng | E71: =IF(NOT(ISNUMBER(F71)),0, IF(NOT(ISNUMBER(F72)), F71 + IFERROR(INDEX(G72:Z72, MATCH(0, G71:Z71, 0)), 0), F71 ) ) -> 1.5 | F71: 1.5 | G71: 1.5 | H71: 1.5 | I71: 1.5 | J71: 1.5 | K71: 1.5 | L71: 1.5 | M71: 1.5 | N71: 1.5 | O71: 1.5 | P71: 1.5 | Q71: 1.5 | R71: 1.5 | S71: 1.5 | T71: 1.5 | U71: 0 | V71: 0 | W71: 0
C72: Tổng quan | D72: Hoàng | E72: =IF(NOT(ISNUMBER(F72)),0, IF(NOT(ISNUMBER(F73)), F72 + IFERROR(INDEX(G73:Z73, MATCH(0, G72:Z72, 0)), 0), F72 ) ) -> 0.5 | F72: 1 | G72: 1 | H72: 1 | I72: 1 | J72: 1 | K72: 1 | L72: 1 | M72: 1 | N72: 1 | O72: 1 | P72: 1 | Q72: 1 | R72: 1 | S72: 1 | T72: 1 | U72: 0 | V72: 0 | W72: 0
E73: =IF(NOT(ISNUMBER(F73)),0, IF(NOT(ISNUMBER(F74)), F73 + IFERROR(INDEX(G74:Z74, MATCH(0, G73:Z73, 0)), 0), F73 ) ) -> 0 | U73: -0.5
C74: Quên mật khẩu | D74: Hoàng | E74: =IF(NOT(ISNUMBER(F74)),0, IF(NOT(ISNUMBER(F75)), F74 + IFERROR(INDEX(G75:Z75, MATCH(0, G74:Z74, 0)), 0), F74 ) ) -> 1.5 | F74: 1.5 | G74: 1.5 | H74: 1.5 | I74: 1.5 | J74: 1.5 | K74: 1.5 | L74: 1.5 | M74: 1.5 | N74: 1.5 | O74: 1.5 | P74: 1.5 | Q74: 1.5 | R74: 1.5 | S74: 1.5 | T74: 1.5 | U74: 0 | V74: 0 | W74: 0
C75: Quản lý thông tin cá nhân | D75: Nhi | E75: =IF(NOT(ISNUMBER(F75)),0, IF(NOT(ISNUMBER(F76)), F75 + IFERROR(INDEX(G76:Z76, MATCH(0, G75:Z75, 0)), 0), F75 ) ) -> 1.5 | F75: 1.5 | G75: 1.5 | H75: 1.5 | I75: 1.5 | J75: 1.5 | K75: 1.5 | L75: 1.5 | M75: 1.5 | N75: 1.5 | O75: 1.5 | P75: 1.5 | Q75: 1.5 | R75: 1.5 | S75: 1.5 | T75: 1.5 | U75: 0 | V75: 0 | W75: 0
C76: Quản lý lịch học bằng calendar | D76: Hằng | E76: =IF(NOT(ISNUMBER(F76)),0, IF(NOT(ISNUMBER(F77)), F76 + IFERROR(INDEX(G77:Z77, MATCH(0, G76:Z76, 0)), 0), F76 ) ) -> 1.5 | F76: 1.5 | G76: 1.5 | H76: 1.5 | I76: 1.5 | J76: 1.5 | K76: 1.5 | L76: 1.5 | M76: 1.5 | N76: 1.5 | O76: 1.5 | P76: 1.5 | Q76: 1.5 | R76: 1.5 | S76: 1.5 | T76: 1.5 | U76: 0 | V76: 0 | W76: 0
C77: Quản lý danh sách công việc (todo-list) với mức độ ưu tiên và trạng thái | D77: Nguyên | E77: =IF(NOT(ISNUMBER(F77)),0, IF(NOT(ISNUMBER(F78)), F77 + IFERROR(INDEX(G78:Z78, MATCH(0, G77:Z77, 0)), 0), F77 ) ) -> 2.5 | F77: 1.5 | G77: 1.5 | H77: 1.5 | I77: 1.5 | J77: 1.5 | K77: 1.5 | L77: 1.5 | M77: 1.5 | N77: 1.5 | O77: 1.5 | P77: 1.5 | Q77: 1.5 | R77: 1.5 | S77: 1.5 | T77: 1.5 | U77: 0 | V77: 0 | W77: 0
E78: =IF(NOT(ISNUMBER(F78)),0, IF(NOT(ISNUMBER(F79)), F78 + IFERROR(INDEX(G79:Z79, MATCH(0, G78:Z78, 0)), 0), F78 ) ) -> 0 | U78: 1
B79: Re-testing | C79: Đăng ký | D79: Nhi | E79: =IF(NOT(ISNUMBER(F79)),0, IF(NOT(ISNUMBER(F80)), F79 + IFERROR(INDEX(G80:Z80, MATCH(0, G79:Z79, 0)), 0), F79 ) ) -> 1.5 | F79: 1.5 | G79: 1.5 | H79: 1.5 | I79: 1.5 | J79: 1.5 | K79: 1.5 | L79: 1.5 | M79: 1.5 | N79: 1.5 | O79: 1.5 | P79: 1.5 | Q79: 1.5 | R79: 1.5 | S79: 1.5 | T79: 1.5 | U79: 1.5 | V79: 0 | W79: 0
C80: Đăng nhập | D80: Nhi | E80: =IF(NOT(ISNUMBER(F80)),0, IF(NOT(ISNUMBER(F81)), F80 + IFERROR(INDEX(G81:Z81, MATCH(0, G80:Z80, 0)), 0), F80 ) ) -> 1.5 | F80: 1.5 | G80: 1.5 | H80: 1.5 | I80: 1.5 | J80: 1.5 | K80: 1.5 | L80: 1.5 | M80: 1.5 | N80: 1.5 | O80: 1.5 | P80: 1.5 | Q80: 1.5 | R80: 1.5 | S80: 1.5 | T80: 1.5 | U80: 1.5 | V80: 0 | W80: 0
C81: Tổng quan | D81: Nguyên | E81: =IF(NOT(ISNUMBER(F81)),0, IF(NOT(ISNUMBER(F82)), F81 + IFERROR(INDEX(G82:Z82, MATCH(0, G81:Z81, 0)), 0), F81 ) ) -> 1.5 | F81: 1.5 | G81: 1.5 | H81: 1.5 | I81: 1.5 | J81: 1.5 | K81: 1.5 | L81: 1.5 | M81: 1.5 | N81: 1.5 | O81: 1.5 | P81: 1.5 | Q81: 1.5 | R81: 1.5 | S81: 1.5 | T81: 1.5 | U81: 1.5 | V81: 0 | W81: 0
C82: Quên mật khẩu | D82: Nguyên | E82: =IF(NOT(ISNUMBER(F82)),0, IF(NOT(ISNUMBER(F83)), F82 + IFERROR(INDEX(G83:Z83, MATCH(0, G82:Z82, 0)), 0), F82 ) ) -> 2.5 | F82: 1.5 | G82: 1.5 | H82: 1.5 | I82: 1.5 | J82: 1.5 | K82: 1.5 | L82: 1.5 | M82: 1.5 | N82: 1.5 | O82: 1.5 | P82: 1.5 | Q82: 1.5 | R82: 1.5 | S82: 1.5 | T82: 1.5 | U82: 1.5 | V82: 0 | W82: 0
E83: =IF(NOT(ISNUMBER(F83)),0, IF(NOT(ISNUMBER(F84)), F83 + IFERROR(INDEX(G84:Z84, MATCH(0, G83:Z83, 0)), 0), F83 ) ) -> 0 | V83: 1
C84: Quản lý thông tin cá nhân | D84: Hằng | E84: =IF(NOT(ISNUMBER(F84)),0, IF(NOT(ISNUMBER(F85)), F84 + IFERROR(INDEX(G85:Z85, MATCH(0, G84:Z84, 0)), 0), F84 ) ) -> 1.5 | F84: 1.5 | G84: 1.5 | H84: 1.5 | I84: 1.5 | J84: 1.5 | K84: 1.5 | L84: 1.5 | M84: 1.5 | N84: 1.5 | O84: 1.5 | P84: 1.5 | Q84: 1.5 | R84: 1.5 | S84: 1.5 | T84: 1.5 | U84: 1.5 | V84: 0 | W84: 0
C85: Quản lý lịch học bằng calendar | D85: Dũng | E85: =IF(NOT(ISNUMBER(F85)),0, IF(NOT(ISNUMBER(F86)), F85 + IFERROR(INDEX(G86:Z86, MATCH(0, G85:Z85, 0)), 0), F85 ) ) -> 1.5 | F85: 1.5 | G85: 1.5 | H85: 1.5 | I85: 1.5 | J85: 1.5 | K85: 1.5 | L85: 1.5 | M85: 1.5 | N85: 1.5 | O85: 1.5 | P85: 1.5 | Q85: 1.5 | R85: 1.5 | S85: 1.5 | T85: 1.5 | U85: 1.5 | V85: 0 | W85: 0
C86: Quản lý danh sách công việc (todo-list) với mức độ ưu tiên và trạng thái | D86: Hoàng | E86: =IF(NOT(ISNUMBER(F86)),0, IF(NOT(ISNUMBER(F87)), F86 + IFERROR(INDEX(G87:Z87, MATCH(0, G86:Z86, 0)), 0), F86 ) ) -> 2 | F86: 1 | G86: 1 | H86: 1 | I86: 1 | J86: 1 | K86: 1 | L86: 1 | M86: 1 | N86: 1 | O86: 1 | P86: 1 | Q86: 1 | R86: 1 | S86: 1 | T86: 1 | U86: 1 | V86: 0 | W86: 0
E87: =IF(NOT(ISNUMBER(F87)),0, IF(NOT(ISNUMBER(F88)), F87 + IFERROR(INDEX(G88:Z88, MATCH(0, G87:Z87, 0)), 0), F87 ) ) -> 0 | V87: 1
B88: Release Sprint 1 | C88: Sprint 1 review meeting | D88: All team | E88: =IF(NOT(ISNUMBER(F88)),0, IF(NOT(ISNUMBER(F89)), F88 + IFERROR(INDEX(G89:Z89, MATCH(0, G88:Z88, 0)), 0), F88 ) ) -> 5 | F88: 5 | G88: 5 | H88: 5 | I88: 5 | J88: 5 | K88: 5 | L88: 5 | M88: 5 | N88: 5 | O88: 5 | P88: 5 | Q88: 5 | R88: 5 | S88: 5 | T88: 5 | U88: 5 | V88: 5 | W88: 0
C89: Sprint 1 retrospective | D89: All team | E89: =IF(NOT(ISNUMBER(F89)),0, IF(NOT(ISNUMBER(F90)), F89 + IFERROR(INDEX(G90:Z90, MATCH(0, G89:Z89, 0)), 0), F89 ) ) -> 5 | F89: 5 | G89: 5 | H89: 5 | I89: 5 | J89: 5 | K89: 5 | L89: 5 | M89: 5 | N89: 5 | O89: 5 | P89: 5 | Q89: 5 | R89: 5 | S89: 5 | T89: 5 | U89: 5 | V89: 5 | W89: 0
B90: Tổng | D90: Thực tế | E90: =SUM(E16:E89) -> 178.5 | G90: =SUM(G16:G89) -> 160 | H90: =SUM(H16:H89) -> 152 | I90: =SUM(I16:I89) -> 140 | J90: =SUM(J16:J89) -> 130.5 | K90: =SUM(K16:K89) -> 120 | L90: =SUM(L16:L89) -> 112.5 | M90: =SUM(M16:M89) -> 100 | N90: =SUM(N16:N89) -> 90 | ... W90: =SUM(W16:W89) -> 0
D91: Ước tính | E91: =SUM(F16:F89) -> 170 | G91: =SUM(G16:G89) -> 160 | H91: =SUM(H16:H89)-H19 -> 150 | I91: =SUM(I16:I89) -> 140 | J91: =SUM(J16:J89)-(J28+J25) -> 130 | K91: =SUM(K16:K89) -> 120 | L91: =SUM(L16:L89)-L39-L36-L33 -> 110 | M91: =SUM(M16:M89) -> 100 | N91: =SUM(N16:N89) -> 90 | O91: =SUM(O16:O89)-(SUM(,O47,O49)) -> 80 | P91: =SUM(P16:P89) -> 70 | Q91: =SUM(Q16:Q89) -> 60 | R91: =SUM(R16:R89)-R53 -> 50 | S91: =SUM(S16:S89) -> 40 | T91: =SUM(T16:T89)-(T60+T63+T66+T69) -> 30 | U91: =SUM(U16:U89)-U73-U78 -> 20 | V91: =SUM(V16:V89)-V83-V87 -> 10 | W91: =SUM(W16:W89)-W19 -> 0

Sheet Sprint 2
A1: Project name: | C1: THIẾT KẾ VÀ PHÁT TRIỂN NỀN TẢNG HỌC TẬP THÔNG MINH TÍCH HỢP TRỢ LÝ ẢO AI VÀ CÁ NHÂN HOÁ LỘ TRÌNH HỌC TẬP | E1: Kết thúc đúng hạn
A2: Module name: | C2: Sprint 2 | E2: Muộn
A3: Start date: | C3: 46238 | E3: Trước thời hạn
A4: End date: | C4: 24/4/2026
B6: SPRINT 1 REPORT
B7: No | C7: Thành viên | D7: Thực tế | E7: Ước tính
B8: 1 | C8: Trần Duy Dũng | D8: {=SUMPRODUCT( ISNUMBER(SEARCH("All Team",D16:D70))*(E16:E70/5) + ISNUMBER(SEARCH("Dũng",D16:D70))* E16:E70/(LEN(D16:D70)-LEN(SUBSTITUTE(D16:D70,",",""))+1) )} -> 35.1 | E8: {=SUMPRODUCT( ISNUMBER(SEARCH("All Team",D16:D70))*(F16:F70/5) + ISNUMBER(SEARCH("Dũng",D16:D70))* F16:F70/(LEN(D16:D70)-LEN(SUBSTITUTE(D16:D70,",",""))+1) )} -> 33.6
B9: 2 | C9: Trần Thị Thuý Hằng | D9: {=SUMPRODUCT( ISNUMBER(SEARCH("All Team",D16:D70))*(E16:E70/5) + ISNUMBER(SEARCH("Hằng",D16:D70))* E16:E70/(LEN(D16:D70)-LEN(SUBSTITUTE(D16:D70,",",""))+1) )} -> 35.1 | E9: {=SUMPRODUCT( ISNUMBER(SEARCH("All Team",D16:D70))*(F16:F70/5) + ISNUMBER(SEARCH("Hằng",D16:D70))* F16:F70/(LEN(D16:D70)-LEN(SUBSTITUTE(D16:D70,",",""))+1) )} -> 33.6
B10: 3 | C10: Trần Huy Hoàng | D10: {=SUMPRODUCT( ISNUMBER(SEARCH("All Team",D16:D70))*(E16:E70/5) + ISNUMBER(SEARCH("Hoàng",D16:D70))* E16:E70/(LEN(D16:D70)-LEN(SUBSTITUTE(D16:D70,",",""))+1) )} -> 35.1 | E10: {=SUMPRODUCT( ISNUMBER(SEARCH("All Team",D16:D70))*(F16:F70/5) + ISNUMBER(SEARCH("Hoàng",D16:D70))* F16:F70/(LEN(D16:D70)-LEN(SUBSTITUTE(D16:D70,",",""))+1) )} -> 33.6
B11: 4 | C11: Nguyễn Lê Nguyên | D11: {=SUMPRODUCT( ISNUMBER(SEARCH("All Team",D16:D70))*(E16:E70/5) + ISNUMBER(SEARCH("Nguyên",D16:D70))* E16:E70/(LEN(D16:D70)-LEN(SUBSTITUTE(D16:D70,",",""))+1) )} -> 35.1 | E11: {=SUMPRODUCT( ISNUMBER(SEARCH("All Team",D16:D70))*(F16:F70/5) + ISNUMBER(SEARCH("Nguyên",D16:D70))* F16:F70/(LEN(D16:D70)-LEN(SUBSTITUTE(D16:D70,",",""))+1) )} -> 34.6
B12: 5 | C12: Trần Thị Yến Nhi | D12: {=SUMPRODUCT( ISNUMBER(SEARCH("All Team",D16:D70))*(E16:E70/5) + ISNUMBER(SEARCH("Nhi",D16:D70))* E16:E70/(LEN(D16:D70)-LEN(SUBSTITUTE(D16:D70,",",""))+1) )} -> 35.1 | E12: {=SUMPRODUCT( ISNUMBER(SEARCH("All Team",D16:D70))*(F16:F70/5) + ISNUMBER(SEARCH("Nhi",D16:D70))* F16:F70/(LEN(D16:D70)-LEN(SUBSTITUTE(D16:D70,",",""))+1) )} -> 34.6
B13: Tổng | D13: =SUM(D8:D12) -> 175.5 | E13: =SUM(E8:E12) -> 170
A15: Sprint | B15: Compoment | C15: Task name | D15: Responsible Member | E15: Thực tế | F15: Ước tính | G15: 46120 | H15: 46121 | I15: 46122 | J15: 46123 | K15: 46124 | L15: 46125 | M15: 46126 | N15: 46127 | O15: 46128 | P15: 46129 | Q15: 46130 | R15: 46131 | S15: 46132 | T15: 46133 | U15: 46134 | V15: 46135 | W15: 46136
A16: Sprint 1 | B16: Họp kế hoạch Sprint 2 | D16: All Team | E16: =IF(NOT(ISNUMBER(E17)),0, IF(NOT(ISNUMBER(F17)), F16 + IFERROR(INDEX(G17:W17, MATCH(0, G16:W16, 0)), 0), F16 ) ) -> 8 | F16: 8 | G16: 0 | H16: 0 | I16: 0 | J16: 0 | K16: 0 | L16: 0 | M16: 0 | N16: 0 | O16: 0 | P16: 0 | Q16: 0 | R16: 0 | S16: 0 | T16: 0 | U16: 0 | V16: 0 | W16: 0
B17: Tạo Sprint Backlog 2 | D17: Hằng, Nhi | E17: =IF(NOT(ISNUMBER(E18)),0, IF(NOT(ISNUMBER(F18)), F17 + IFERROR(INDEX(G18:W18, MATCH(0, G17:W17, 0)), 0), F17 ) ) -> 5 | F17: 6 | G17: 4 | H17: 0 | I17: 0 | J17: 0 | K17: 0 | L17: 0 | M17: 0 | N17: 0 | O17: 0 | P17: 0 | Q17: 0 | R17: 0 | S17: 0 | T17: 0 | U17: 0 | V17: 0 | W17: 0
E18: =IF(NOT(ISNUMBER(E19)),0, IF(NOT(ISNUMBER(F19)), F18 + IFERROR(INDEX(G19:W19, MATCH(0, G18:W18, 0)), 0), F18 ) ) -> 0 | H18: -1
B19: Tạo tài liệu kiểm thử cho Sprint 2 | D19: Dũng, Hằng, Hoàng | E19: =IF(NOT(ISNUMBER(E20)),0, IF(NOT(ISNUMBER(F20)), F19 + IFERROR(INDEX(G20:W20, MATCH(0, G19:W19, 0)), 0), F19 ) ) -> 6 | F19: 6 | G19: 6 | H19: 0 | I19: 0 | J19: 0 | K19: 0 | L19: 0 | M19: 0 | N19: 0 | O19: 0 | P19: 0 | Q19: 0 | R19: 0 | S19: 0 | T19: 0 | U19: 0 | V19: 0 | W19: 0
B20: User interface design | C20: Tạo và ôn tập flashcard | D20: Hoàng | E20: =IF(NOT(ISNUMBER(E21)),0, IF(NOT(ISNUMBER(F21)), F20 + IFERROR(INDEX(G21:W21, MATCH(0, G20:W20, 0)), 0), F20 ) ) -> 3 | F20: 3 | G20: 3 | H20: 3 | I20: 1.5 | J20: 0 | K20: 0 | L20: 0 | M20: 0 | N20: 0 | O20: 0 | P20: 0 | Q20: 0 | R20: 0 | S20: 0 | T20: 0 | U20: 0 | V20: 0 | W20: 0
C21: Quản lý tài liệu học tập | D21: Nhi | E21: =IF(NOT(ISNUMBER(E22)),0, IF(NOT(ISNUMBER(F22)), F21 + IFERROR(INDEX(G22:W22, MATCH(0, G21:W21, 0)), 0), F21 ) ) -> 3 | F21: 3 | G21: 3 | H21: 3 | I21: 1.5 | J21: 0 | K21: 0 | L21: 0 | M21: 0 | N21: 0 | O21: 0 | P21: 0 | Q21: 0 | R21: 0 | S21: 0 | T21: 0 | U21: 0 | V21: 0 | W21: 0
C22: Quản lý ghi chú cá nhân | D22: Hằng | E22: =IF(NOT(ISNUMBER(E23)),0, IF(NOT(ISNUMBER(F23)), F22 + IFERROR(INDEX(G23:W23, MATCH(0, G22:W22, 0)), 0), F22 ) ) -> 4 | F22: 3 | G22: 3 | H22: 3 | I22: 1 | J22: 0 | K22: 0 | L22: 0 | M22: 0 | N22: 0 | O22: 0 | P22: 0 | Q22: 0 | R22: 0 | S22: 0 | T22: 0 | U22: 0 | V22: 0 | W22: 0
E23: =IF(NOT(ISNUMBER(E24)),0, IF(NOT(ISNUMBER(F24)), F23 + IFERROR(INDEX(G24:W24, MATCH(0, G23:W23, 0)), 0), F23 ) ) -> 0 | J23: 1
C24: Thống kê và trực quan hóa dữ liệu học tập | D24: Dũng | E24: =IF(NOT(ISNUMBER(E25)),0, IF(NOT(ISNUMBER(F25)), F24 + IFERROR(INDEX(G25:W25, MATCH(0, G24:W24, 0)), 0), F24 ) ) -> 3 | F24: 3 | G24: 3 | H24: 3 | I24: 1.5 | J24: 0 | K24: 0 | L24: 0 | M24: 0 | N24: 0 | O24: 0 | P24: 0 | Q24: 0 | R24: 0 | S24: 0 | T24: 0 | U24: 0 | V24: 0 | W24: 0
C25: Tương tác và nhận hỗ trợ từ chatbot AI | D25: Nguyên | E25: =IF(NOT(ISNUMBER(E26)),0, IF(NOT(ISNUMBER(F26)), F25 + IFERROR(INDEX(G26:W26, MATCH(0, G25:W25, 0)), 0), F25 ) ) -> 4 | F25: 3 | G25: 3 | H25: 3 | I25: 1.5 | J25: 0 | K25: 0 | L25: 0 | M25: 0 | N25: 0 | O25: 0 | P25: 0 | Q25: 0 | R25: 0 | S25: 0 | T25: 0 | U25: 0 | V25: 0 | W25: 0
E26: =IF(NOT(ISNUMBER(E27)),0, IF(NOT(ISNUMBER(F27)), F26 + IFERROR(INDEX(G27:W27, MATCH(0, G26:W26, 0)), 0), F26 ) ) -> 0 | J26: 1
C27: Review of Sprint 2 | D27: All Team | E27: =IF(NOT(ISNUMBER(E28)),0, IF(NOT(ISNUMBER(F28)), F27 + IFERROR(INDEX(G28:W28, MATCH(0, G27:W27, 0)), 0), F27 ) ) -> 5 | F27: 5 | G27: 5 | H27: 5 | I27: 3 | J27: 0 | K27: 0 | L27: 0 | M27: 0 | N27: 0 | O27: 0 | P27: 0 | Q27: 0 | R27: 0 | S27: 0 | T27: 0 | U27: 0 | V27: 0 | W27: 0
B28: Design test case | C28: Tạo và ôn tập flashcard | D28: Nguyên | E28: =IF(NOT(ISNUMBER(E29)),0, IF(NOT(ISNUMBER(F29)), F28 + IFERROR(INDEX(G29:W29, MATCH(0, G28:W28, 0)), 0), F28 ) ) -> 3 | F28: 3 | G28: 3 | H28: 3 | I28: 3 | J28: 3 | K28: 1 | L28: 0 | M28: 0 | N28: 0 | O28: 0 | P28: 0 | Q28: 0 | R28: 0 | S28: 0 | T28: 0 | U28: 0 | V28: 0 | W28: 0
C29: Quản lý tài liệu học tập | D29: Nguyên | E29: =IF(NOT(ISNUMBER(E30)),0, IF(NOT(ISNUMBER(F30)), F29 + IFERROR(INDEX(G30:W30, MATCH(0, G29:W29, 0)), 0), F29 ) ) -> 3 | F29: 3 | G29: 3 | H29: 3 | I29: 3 | J29: 3 | K29: 1 | L29: 0 | M29: 0 | N29: 0 | O29: 0 | P29: 0 | Q29: 0 | R29: 0 | S29: 0 | T29: 0 | U29: 0 | V29: 0 | W29: 0
C30: Quản lý ghi chú cá nhân | D30: Hoàng | E30: =IF(NOT(ISNUMBER(E31)),0, IF(NOT(ISNUMBER(F31)), F30 + IFERROR(INDEX(G31:W31, MATCH(0, G30:W30, 0)), 0), F30 ) ) -> 3 | F30: 3 | G30: 3 | H30: 3 | I30: 3 | J30: 3 | K30: 1 | L30: 0 | M30: 0 | N30: 0 | O30: 0 | P30: 0 | Q30: 0 | R30: 0 | S30: 0 | T30: 0 | U30: 0 | V30: 0 | W30: 0
C31: Thống kê và trực quan hóa dữ liệu học tập | D31: Nhi | E31: =IF(NOT(ISNUMBER(E32)),0, IF(NOT(ISNUMBER(F32)), F31 + IFERROR(INDEX(G32:W32, MATCH(0, G31:W31, 0)), 0), F31 ) ) -> 3 | F31: 3 | G31: 3 | H31: 3 | I31: 3 | J31: 3 | K31: 1 | L31: 0 | M31: 0 | N31: 0 | O31: 0 | P31: 0 | Q31: 0 | R31: 0 | S31: 0 | T31: 0 | U31: 0 | V31: 0 | W31: 0
C32: Tương tác và nhận hỗ trợ từ chatbot AI | D32: Dũng | E32: =IF(NOT(ISNUMBER(E33)),0, IF(NOT(ISNUMBER(F33)), F32 + IFERROR(INDEX(G33:W33, MATCH(0, G32:W32, 0)), 0), F32 ) ) -> 4 | F32: 3 | G32: 3 | H32: 3 | I32: 3 | J32: 3 | K32: 1 | L32: 0 | M32: 0 | N32: 0 | O32: 0 | P32: 0 | Q32: 0 | R32: 0 | S32: 0 | T32: 0 | U32: 0 | V32: 0 | W32: 0
E33: =IF(NOT(ISNUMBER(E34)),0, IF(NOT(ISNUMBER(F34)), F33 + IFERROR(INDEX(G34:W34, MATCH(0, G33:W33, 0)), 0), F33 ) ) -> 0 | L33: 1
C34: Review all test case of Sprint 2 | D34: All Team | E34: =IF(NOT(ISNUMBER(E35)),0, IF(NOT(ISNUMBER(F35)), F34 + IFERROR(INDEX(G35:W35, MATCH(0, G34:W34, 0)), 0), F34 ) ) -> 5 | F34: 5 | G34: 5 | H34: 5 | I34: 5 | J34: 5 | K34: 5 | L34: 0 | M34: 0 | N34: 0 | O34: 0 | P34: 0 | Q34: 0 | R34: 0 | S34: 0 | T34: 0 | U34: 0 | V34: 0 | W34: 0
B35: Coding | C35: Code BackEnd Tạo và ôn tập flashcard | D35: Hoàng | E35: =IF(NOT(ISNUMBER(E36)),0, IF(NOT(ISNUMBER(F36)), F35 + IFERROR(INDEX(G36:W36, MATCH(0, G35:W35, 0)), 0), F35 ) ) -> 5 | F35: 5 | G35: 5 | H35: 5 | I35: 5 | J35: 5 | K35: 5 | L35: 5 | M35: 3 | N35: 1 | O35: 0 | P35: 0 | Q35: 0 | R35: 0 | S35: 0 | T35: 0 | U35: 0 | V35: 0 | W35: 0
C36: Code BackEnd Quản lý tài liệu học tập | D36: Nhi | E36: =IF(NOT(ISNUMBER(E37)),0, IF(NOT(ISNUMBER(F37)), F36 + IFERROR(INDEX(G37:W37, MATCH(0, G36:W36, 0)), 0), F36 ) ) -> 5 | F36: 5 | G36: 5 | H36: 5 | I36: 5 | J36: 5 | K36: 5 | L36: 5 | M36: 3 | N36: 1 | O36: 0 | P36: 0 | Q36: 0 | R36: 0 | S36: 0 | T36: 0 | U36: 0 | V36: 0 | W36: 0
C37: Code BackEnd Quản lý ghi chú cá nhân | D37: Hằng | E37: =IF(NOT(ISNUMBER(E38)),0, IF(NOT(ISNUMBER(F38)), F37 + IFERROR(INDEX(G38:W38, MATCH(0, G37:W37, 0)), 0), F37 ) ) -> 5 | F37: 5 | G37: 5 | H37: 5 | I37: 5 | J37: 5 | K37: 5 | L37: 5 | M37: 3 | N37: 1 | O37: 0 | P37: 0 | Q37: 0 | R37: 0 | S37: 0 | T37: 0 | U37: 0 | V37: 0 | W37: 0
C38: Code BackEnd Thống kê và trực quan hóa dữ liệu học tập | D38: Dũng | E38: =IF(NOT(ISNUMBER(E39)),0, IF(NOT(ISNUMBER(F39)), F38 + IFERROR(INDEX(G39:W39, MATCH(0, G38:W38, 0)), 0), F38 ) ) -> 6 | F38: 5 | G38: 5 | H38: 5 | I38: 5 | J38: 5 | K38: 5 | L38: 5 | M38: 3 | N38: 1 | O38: 0 | P38: 0 | Q38: 0 | R38: 0 | S38: 0 | T38: 0 | U38: 0 | V38: 0 | W38: 0
E39: =IF(NOT(ISNUMBER(E40)),0, IF(NOT(ISNUMBER(F40)), F39 + IFERROR(INDEX(G40:W40, MATCH(0, G39:W39, 0)), 0), F39 ) ) -> 0 | O39: 1
C40: Code BackEnd Xử lý và phản hồi từ chatbot AI | D40: Nguyên | E40: =IF(NOT(ISNUMBER(E41)),0, IF(NOT(ISNUMBER(F41)), F40 + IFERROR(INDEX(G41:W41, MATCH(0, G40:W40, 0)), 0), F40 ) ) -> 5 | F40: 5 | G40: 5 | H40: 5 | I40: 5 | J40: 5 | K40: 5 | L40: 5 | M40: 3 | N40: 1 | O40: 0 | P40: 0 | Q40: 0 | R40: 0 | S40: 0 | T40: 0 | U40: 0 | V40: 0 | W40: 0
C41: Code FrontEnd Tạo và ôn tập flashcard | D41: Hoàng | E41: =IF(NOT(ISNUMBER(E42)),0, IF(NOT(ISNUMBER(F42)), F41 + IFERROR(INDEX(G42:W42, MATCH(0, G41:W41, 0)), 0), F41 ) ) -> 6 | F41: 5 | G41: 5 | H41: 5 | I41: 5 | J41: 5 | K41: 5 | L41: 5 | M41: 5 | N41: 5 | O41: 4 | P41: 2 | Q41: 1 | R41: 0 | S41: 0 | T41: 0 | U41: 0 | V41: 0 | W41: 0
E42: =IF(NOT(ISNUMBER(E43)),0, IF(NOT(ISNUMBER(F43)), F42 + IFERROR(INDEX(G43:W43, MATCH(0, G42:W42, 0)), 0), F42 ) ) -> 0 | R42: 1
C43: Code FrontEnd Quản lý tài liệu học tập | D43: Nhi | E43: =IF(NOT(ISNUMBER(E44)),0, IF(NOT(ISNUMBER(F44)), F43 + IFERROR(INDEX(G44:W44, MATCH(0, G43:W43, 0)), 0), F43 ) ) -> 5 | F43: 5 | G43: 5 | H43: 5 | I43: 5 | J43: 5 | K43: 5 | L43: 5 | M43: 5 | N43: 5 | O43: 4 | P43: 2 | Q43: 1 | R43: 0 | S43: 0 | T43: 0 | U43: 0 | V43: 0 | W43: 0
C44: Code FrontEnd Quản lý ghi chú cá nhân | D44: Hằng | E44: =IF(NOT(ISNUMBER(E45)),0, IF(NOT(ISNUMBER(F45)), F44 + IFERROR(INDEX(G45:W45, MATCH(0, G44:W44, 0)), 0), F44 ) ) -> 5 | F44: 5 | G44: 5 | H44: 5 | I44: 5 | J44: 5 | K44: 5 | L44: 5 | M44: 5 | N44: 5 | O44: 4 | P44: 2 | Q44: 1 | R44: 0
C45: Code FrontEnd Thống kê và trực quan hóa dữ liệu học tập | D45: Dũng | E45: =IF(NOT(ISNUMBER(E46)),0, IF(NOT(ISNUMBER(F46)), F45 + IFERROR(INDEX(G46:W46, MATCH(0, G45:W45, 0)), 0), F45 ) ) -> 5 | F45: 5 | G45: 5 | H45: 5 | I45: 5 | J45: 5 | K45: 5 | L45: 5 | M45: 5 | N45: 5 | O45: 4 | P45: 2 | Q45: 1 | R45: 0 | S45: 0 | T45: 0 | U45: 0 | V45: 0 | W45: 0
C46: Code FrontEnd Tương tác và nhận hỗ trợ từ chatbot AI | D46: Nguyên | E46: =IF(NOT(ISNUMBER(E47)),0, IF(NOT(ISNUMBER(F47)), F46 + IFERROR(INDEX(G47:W47, MATCH(0, G46:W46, 0)), 0), F46 ) ) -> 5 | F46: 5 | G46: 5 | H46: 5 | I46: 5 | J46: 5 | K46: 5 | L46: 5 | M46: 5 | N46: 5 | O46: 4 | P46: 2 | Q46: 1 | R46: 0 | S46: 0 | T46: 0 | U46: 0 | V46: 0 | W46: 0
C47: Integrate Code | D47: All Team | E47: =IF(NOT(ISNUMBER(E48)),0, IF(NOT(ISNUMBER(F48)), F47 + IFERROR(INDEX(G48:W48, MATCH(0, G47:W47, 0)), 0), F47 ) ) -> 10 | F47: 10 | G47: 10 | H47: 10 | I47: 10 | J47: 10 | K47: 10 | L47: 10 | M47: 10 | N47: 10 | O47: 10 | P47: 10 | Q47: 5 | R47: 0 | S47: 0 | T47: 0 | U47: 0 | V47: 0 | W47: 0
B48: Testing | C48: Tạo và ôn tập flashcard | D48: Hằng | E48: =IF(NOT(ISNUMBER(E49)),0, IF(NOT(ISNUMBER(F49)), F48 + IFERROR(INDEX(G49:W49, MATCH(0, G48:W48, 0)), 0), F48 ) ) -> 4 | F48: 4 | G48: 4 | H48: 4 | I48: 4 | J48: 4 | K48: 4 | L48: 4 | M48: 4 | N48: 4 | O48: 4 | P48: 4 | Q48: 4 | R48: 4 | S48: 2 | T48: 0 | U48: 0 | V48: 0 | W48: 0
C49: Quản lý tài liệu học tập | D49: Nguyên | E49: =IF(NOT(ISNUMBER(E50)),0, IF(NOT(ISNUMBER(F50)), F49 + IFERROR(INDEX(G50:W50, MATCH(0, G49:W49, 0)), 0), F49 ) ) -> 3.5 | F49: 4 | G49: 4 | H49: 4 | I49: 4 | J49: 4 | K49: 4 | L49: 4 | M49: 4 | N49: 4 | O49: 4 | P49: 4 | Q49: 4 | R49: 4 | S49: 2 | T49: 0 | U49: 0 | V49: 0 | W49: 0
E50: =IF(NOT(ISNUMBER(E51)),0, IF(NOT(ISNUMBER(F51)), F50 + IFERROR(INDEX(G51:W51, MATCH(0, G50:W50, 0)), 0), F50 ) ) -> 0 | T50: -0.5
C51: Quản lý ghi chú cá nhân | D51: Hoàng | E51: =IF(NOT(ISNUMBER(E52)),0, IF(NOT(ISNUMBER(F52)), F51 + IFERROR(INDEX(G52:W52, MATCH(0, G51:W51, 0)), 0), F51 ) ) -> 5 | F51: 4 | G51: 4 | H51: 4 | I51: 4 | J51: 4 | K51: 4 | L51: 4 | M51: 4 | N51: 4 | O51: 4 | P51: 4 | Q51: 4 | R51: 4 | S51: 2 | T51: 0 | U51: 0 | V51: 0 | W51: 0
E52: =IF(NOT(ISNUMBER(E53)),0, IF(NOT(ISNUMBER(F53)), F52 + IFERROR(INDEX(G53:W53, MATCH(0, G52:W52, 0)), 0), F52 ) ) -> 0 | T52: 1
C53: Thống kê và trực quan hóa dữ liệu học tập | D53: Nhi | E53: =IF(NOT(ISNUMBER(E54)),0, IF(NOT(ISNUMBER(F54)), F53 + IFERROR(INDEX(G54:W54, MATCH(0, G53:W53, 0)), 0), F53 ) ) -> 4 | F53: 4 | G53: 4 | H53: 4 | I53: 4 | J53: 4 | K53: 4 | L53: 4 | M53: 4 | N53: 4 | O53: 4 | P53: 4 | Q53: 4 | R53: 4 | S53: 2 | T53: 0 | U53: 0 | V53: 0 | W53: 0
C54: Tương tác và nhận hỗ trợ từ chatbot AI | D54: Dũng | E54: =IF(NOT(ISNUMBER(E55)),0, IF(NOT(ISNUMBER(F55)), F54 + IFERROR(INDEX(G55:W55, MATCH(0, G54:W54, 0)), 0), F54 ) ) -> 3.5 | F54: 4 | G54: 4 | H54: 4 | I54: 4 | J54: 4 | K54: 4 | L54: 4 | M54: 4 | N54: 4 | O54: 4 | P54: 4 | Q54: 4 | R54: 4 | S54: 2 | T54: 0 | U54: 0 | V54: 0 | W54: 0
E55: =IF(NOT(ISNUMBER(E56)),0, IF(NOT(ISNUMBER(F56)), F55 + IFERROR(INDEX(G56:W56, MATCH(0, G55:W55, 0)), 0), F55 ) ) -> 0 | T55: -0.5
B56: Fix Bug | C56: Tạo và ôn tập flashcard | D56: Hoàng | E56: =IF(NOT(ISNUMBER(E57)),0, IF(NOT(ISNUMBER(F57)), F56 + IFERROR(INDEX(G57:W57, MATCH(0, G56:W56, 0)), 0), F56 ) ) -> 1.5 | F56: 2 | G56: 2 | H56: 2 | I56: 2 | J56: 2 | K56: 2 | L56: 2 | M56: 2 | N56: 2 | O56: 2 | P56: 2 | Q56: 2 | R56: 2 | S56: 2 | T56: 2 | U56: 0 | V56: 0 | W56: 0
E57: =IF(NOT(ISNUMBER(E58)),0, IF(NOT(ISNUMBER(F58)), F57 + IFERROR(INDEX(G58:W58, MATCH(0, G57:W57, 0)), 0), F57 ) ) -> 0 | U57: -0.5
C58: Quản lý tài liệu học tập | D58: Nhi | E58: =IF(NOT(ISNUMBER(E59)),0, IF(NOT(ISNUMBER(F59)), F58 + IFERROR(INDEX(G59:W59, MATCH(0, G58:W58, 0)), 0), F58 ) ) -> 2 | F58: 2 | G58: 2 | H58: 2 | I58: 2 | J58: 2 | K58: 2 | L58: 2 | M58: 2 | N58: 2 | O58: 2 | P58: 2 | Q58: 2 | R58: 2 | S58: 2 | T58: 2 | U58: 0 | V58: 0 | W58: 0
C59: Quản lý ghi chú cá nhân | D59: Hằng | E59: =IF(NOT(ISNUMBER(E60)),0, IF(NOT(ISNUMBER(F60)), F59 + IFERROR(INDEX(G60:W60, MATCH(0, G59:W59, 0)), 0), F59 ) ) -> 3 | F59: 2 | G59: 2 | H59: 2 | I59: 2 | J59: 2 | K59: 2 | L59: 2 | M59: 2 | N59: 2 | O59: 2 | P59: 2 | Q59: 2 | R59: 2 | S59: 2 | T59: 2 | U59: 0 | V59: 0 | W59: 0
E60: =IF(NOT(ISNUMBER(E61)),0, IF(NOT(ISNUMBER(F61)), F60 + IFERROR(INDEX(G61:W61, MATCH(0, G60:W60, 0)), 0), F60 ) ) -> 0 | U60: 1
C61: Thống kê và trực quan hóa dữ liệu học tập | D61: Dũng | E61: =IF(NOT(ISNUMBER(E62)),0, IF(NOT(ISNUMBER(F62)), F61 + IFERROR(INDEX(G62:W62, MATCH(0, G61:W61, 0)), 0), F61 ) ) -> 2 | F61: 2 | G61: 2 | H61: 2 | I61: 2 | J61: 2 | K61: 2 | L61: 2 | M61: 2 | N61: 2 | O61: 2 | P61: 2 | Q61: 2 | R61: 2 | S61: 2 | T61: 2 | U61: 0 | V61: 0 | W61: 0
C62: Tương tác và nhận hỗ trợ từ chatbot AI | D62: Nguyên | E62: =IF(NOT(ISNUMBER(E63)),0, IF(NOT(ISNUMBER(F63)), F62 + IFERROR(INDEX(G63:W63, MATCH(0, G62:W62, 0)), 0), F62 ) ) -> 2 | F62: 2 | G62: 2 | H62: 2 | I62: 2 | J62: 2 | K62: 2 | L62: 2 | M62: 2 | N62: 2 | O62: 2 | P62: 2 | Q62: 2 | R62: 2 | S62: 2 | T62: 2 | U62: 0 | V62: 0 | W62: 0
B63: Re-testing | C63: Tạo và ôn tập flashcard | D63: Hằng | E63: =IF(NOT(ISNUMBER(E64)),0, IF(NOT(ISNUMBER(F64)), F63 + IFERROR(INDEX(G64:W64, MATCH(0, G63:W63, 0)), 0), F63 ) ) -> 2 | F63: 2 | G63: 2 | H63: 2 | I63: 2 | J63: 2 | K63: 2 | L63: 2 | M63: 2 | N63: 2 | O63: 2 | P63: 2 | Q63: 2 | R63: 2 | S63: 2 | T63: 2 | U63: 2 | V63: 0 | W63: 0
C64: Quản lý tài liệu học tập | D64: Nguyên | E64: =IF(NOT(ISNUMBER(E65)),0, IF(NOT(ISNUMBER(F65)), F64 + IFERROR(INDEX(G65:W65, MATCH(0, G64:W64, 0)), 0), F64 ) ) -> 2 | F64: 2 | G64: 2 | H64: 2 | I64: 2 | J64: 2 | K64: 2 | L64: 2 | M64: 2 | N64: 2 | O64: 2 | P64: 2 | Q64: 2 | R64: 2 | S64: 2 | T64: 2 | U64: 2 | V64: 0 | W64: 0
C65: Quản lý ghi chú cá nhân | D65: Hoàng | E65: =IF(NOT(ISNUMBER(E66)),0, IF(NOT(ISNUMBER(F66)), F65 + IFERROR(INDEX(G66:W66, MATCH(0, G65:W65, 0)), 0), F65 ) ) -> 2 | F65: 2 | G65: 2 | H65: 2 | I65: 2 | J65: 2 | K65: 2 | L65: 2 | M65: 2 | N65: 2 | O65: 2 | P65: 2 | Q65: 2 | R65: 2 | S65: 2 | T65: 2 | U65: 2 | V65: 0 | W65: 0
C66: Thống kê và trực quan hóa dữ liệu học tập | D66: Nhi | E66: =IF(NOT(ISNUMBER(E67)),0, IF(NOT(ISNUMBER(F67)), F66 + IFERROR(INDEX(G67:W67, MATCH(0, G66:W66, 0)), 0), F66 ) ) -> 3 | F66: 2 | G66: 2 | H66: 2 | I66: 2 | J66: 2 | K66: 2 | L66: 2 | M66: 2 | N66: 2 | O66: 2 | P66: 2 | Q66: 2 | R66: 2 | S66: 2 | T66: 2 | U66: 2 | V66: 0 | W66: 0
E67: =IF(NOT(ISNUMBER(E68)),0, IF(NOT(ISNUMBER(F68)), F67 + IFERROR(INDEX(G68:W68, MATCH(0, G67:W67, 0)), 0), F67 ) ) -> 0 | V67: 1
C68: Tương tác và nhận hỗ trợ từ chatbot AI | D68: Dũng | E68: =IF(NOT(ISNUMBER(E69)),0, IF(NOT(ISNUMBER(F69)), F68 + IFERROR(INDEX(G69:W69, MATCH(0, G68:W68, 0)), 0), F68 ) ) -> 2 | F68: 2 | G68: 2 | H68: 2 | I68: 2 | J68: 2 | K68: 2 | L68: 2 | M68: 2 | N68: 2 | O68: 2 | P68: 2 | Q68: 2 | R68: 2 | S68: 2 | T68: 2 | U68: 2 | V68: 0 | W68: 0
B69: Release Sprint 2 | C69: Sprint 2 Review Meeting | D69: All team | E69: 5 | F69: 5 | G69: 5 | H69: 5 | I69: 5 | J69: 5 | K69: 5 | L69: 5 | M69: 5 | N69: 5 | O69: 5 | P69: 5 | Q69: 5 | R69: 5 | S69: 5 | T69: 5 | U69: 5 | V69: 5 | W69: 0
C70: Sprint 2 Retrospective | D70: All team | E70: 5 | F70: 5 | G70: 5 | H70: 5 | I70: 5 | J70: 5 | K70: 5 | L70: 5 | M70: 5 | N70: 5 | O70: 5 | P70: 5 | Q70: 5 | R70: 5 | S70: 5 | T70: 5 | U70: 5 | V70: 5 | W70: 0
B71: Tổng | D71: Thực tế | E71: =SUM(E16:E70) -> 175.5 | G71: =SUM(G16:G70) -> 160 | H71: =SUM(H16:H70) -> 149 | I71: =SUM(I16:I70) -> 140 | J71: =SUM(J16:J70) -> 132 | K71: =SUM(K16:K70) -> 120 | L71: =SUM(L16:L70) -> 111 | M71: =SUM(M16:M70) -> 100 | N71: =SUM(N16:N70) -> 90 | ... W71: =SUM(W16:W70) -> 0
D72: Ước tính | E72: =SUM(F16:F70) -> 170 | G72: =SUM(G16:G70) -> 160 | H72: =SUM(H16:H70)-SUM(H18) -> 150 | I72: =SUM(I16:I70) -> 140 | J72: =SUM(J16:J70)-SUM(J23,J26) -> 130 | K72: =SUM(K16:K70) -> 120 | L72: =SUM(L16:L70)-(SUM(L33)) -> 110 | M72: =SUM(M16:M70) -> 100 | N72: =SUM(N16:N70) -> 90 | O72: =SUM(O16:O70)-SUM(O39) -> 80 | P72: =SUM(P16:P70) -> 70 | Q72: =SUM(Q16:Q70) -> 60 | R72: =SUM(R16:R70)-SUM(R42) -> 50 | S72: =SUM(S16:S70) -> 40 | T72: =SUM(T16:T70) -> 30 | U72: =SUM(U16:U70)-U60-U57 -> 20 | V72: =SUM(V16:V70)-V67 -> 10 | W72: =SUM(W16:W70) -> 0

Sheet Sprint 3
A1: Project name: | C1: THIẾT KẾ VÀ PHÁT TRIỂN NỀN TẢNG HỌC TẬP THÔNG MINH TÍCH HỢP TRỢ LÝ ẢO AI VÀ CÁ NHÂN HOÁ LỘ TRÌNH HỌC TẬP | E1: Kết thúc đúng hạn
A2: Module name: | C2: Sprint 3 | E2: Muộn
A3: Start date: | C3: 25/4/2026 | E3: Trước thời hạn
A4: End date: | C4: 46331
B6: SPRINT 1 REPORT
B7: No | C7: Thành viên | D7: Thực tế | E7: Ước tính
B8: 1 | C8: Trần Duy Dũng | D8: {=SUMPRODUCT( ISNUMBER(SEARCH("All Team",D16:D68))*(E16:E68/5) + ISNUMBER(SEARCH("Dũng",D16:D68))* E16:E68/(LEN(D16:D68)-LEN(SUBSTITUTE(D16:D68,",",""))+1) )} -> 35.1 | E8: {=SUMPRODUCT( ISNUMBER(SEARCH("All Team",D16:D68))*(F16:F68/5) + ISNUMBER(SEARCH("Dũng",D16:D68))* F16:F68/(LEN(D16:D68)-LEN(SUBSTITUTE(D16:D68,",",""))+1) )} -> 33.6
B9: 2 | C9: Trần Thị Thuý Hằng | D9: {=SUMPRODUCT( ISNUMBER(SEARCH("All Team",D16:D68))*(E16:E68/5) + ISNUMBER(SEARCH("Hằng",D16:D68))* E16:E68/(LEN(D16:D68)-LEN(SUBSTITUTE(D16:D68,",",""))+1) )} -> 35.1 | E9: {=SUMPRODUCT( ISNUMBER(SEARCH("All Team",D16:D68))*(F16:F68/5) + ISNUMBER(SEARCH("Hằng",D16:D68))* F16:F68/(LEN(D16:D68)-LEN(SUBSTITUTE(D16:D68,",",""))+1) )} -> 34.6
B10: 3 | C10: Trần Huy Hoàng | D10: {=SUMPRODUCT( ISNUMBER(SEARCH("All Team",D16:D68))*(E16:E68/5) + ISNUMBER(SEARCH("Hoàng",D16:D68))* E16:E68/(LEN(D16:D68)-LEN(SUBSTITUTE(D16:D68,",",""))+1) )} -> 35.6 | E10: {=SUMPRODUCT( ISNUMBER(SEARCH("All Team",D16:D68))*(F16:F68/5) + ISNUMBER(SEARCH("Hoàng",D16:D68))* F16:F68/(LEN(D16:D68)-LEN(SUBSTITUTE(D16:D68,",",""))+1) )} -> 34.6
B11: 4 | C11: Nguyễn Lê Nguyên | D11: {=SUMPRODUCT( ISNUMBER(SEARCH("All Team",D16:D68))*(E16:E68/5) + ISNUMBER(SEARCH("Nguyên",D16:D68))* E16:E68/(LEN(D16:D68)-LEN(SUBSTITUTE(D16:D68,",",""))+1) )} -> 35.1 | E11: {=SUMPRODUCT( ISNUMBER(SEARCH("All Team",D16:D68))*(F16:F68/5) + ISNUMBER(SEARCH("Nguyên",D16:D68))* F16:F68/(LEN(D16:D68)-LEN(SUBSTITUTE(D16:D68,",",""))+1) )} -> 33.6
B12: 5 | C12: Trần Thị Yến Nhi | D12: {=SUMPRODUCT( ISNUMBER(SEARCH("All Team",D16:D68))*(E16:E68/5) + ISNUMBER(SEARCH("Nhi",D16:D68))* E16:E68/(LEN(D16:D68)-LEN(SUBSTITUTE(D16:D68,",",""))+1) )} -> 35.6 | E12: {=SUMPRODUCT( ISNUMBER(SEARCH("All Team",D16:D68))*(F16:F68/5) + ISNUMBER(SEARCH("Nhi",D16:D68))* F16:F68/(LEN(D16:D68)-LEN(SUBSTITUTE(D16:D68,",",""))+1) )} -> 33.6
B13: Tổng | D13: =SUM(D8:D12) -> 176.5 | E13: =SUM(E8:E12) -> 170
A15: Sprint | B15: Compoment | C15: Task name | D15: Responsible Member | E15: Thực tế | F15: Ước tính | G15: 46137 | H15: 46138 | I15: 46139 | J15: 46140 | K15: 46141 | L15: 46142 | M15: 46143 | N15: 46144 | O15: 46145 | P15: 46146 | Q15: 46147 | R15: 46148 | S15: 46149 | T15: 46150 | U15: 46151 | V15: 46152 | W15: 46153
A16: Sprint 3 | B16: Họp kế hoạch Sprint | D16: All Team | E16: =IF(NOT(ISNUMBER(E17)),0, IF(NOT(ISNUMBER(F17)), F16 + IFERROR(INDEX(G17:W17, MATCH(0, G16:W16, 0)), 0), F16 ) ) -> 8 | F16: 8 | G16: 0 | H16: 0 | I16: 0 | J16: 0 | K16: 0 | L16: 0 | M16: 0 | N16: 0 | O16: 0 | P16: 0 | Q16: 0 | R16: 0 | S16: 0 | T16: 0 | U16: 0 | V16: 0 | W16: 0
B17: Tạo Sprint Backlog 3 | D17: Hằng, Hoàng | E17: =IF(NOT(ISNUMBER(E18)),0, IF(NOT(ISNUMBER(F18)), F17 + IFERROR(INDEX(G18:W18, MATCH(0, G17:W17, 0)), 0), F17 ) ) -> 6 | F17: 6 | G17: 5 | H17: 0 | I17: 0 | J17: 0 | K17: 0 | L17: 0 | M17: 0 | N17: 0 | O17: 0 | P17: 0 | Q17: 0 | R17: 0 | S17: 0 | T17: 0 | U17: 0 | V17: 0 | W17: 0
B18: Tạo tài liệu kiểm thử cho Sprint 3 | D18: Nguyên, Dũng, Nhi | E18: =IF(NOT(ISNUMBER(E19)),0, IF(NOT(ISNUMBER(F19)), F18 + IFERROR(INDEX(G19:W19, MATCH(0, G18:W18, 0)), 0), F18 ) ) -> 6 | F18: 6 | G18: 5 | H18: 0 | I18: 0 | J18: 0 | K18: 0 | L18: 0 | M18: 0 | N18: 0 | O18: 0 | P18: 0 | Q18: 0 | R18: 0 | S18: 0 | T18: 0 | U18: 0 | V18: 0 | W18: 0
B19: User interface design | C19: Đăng nhập | D19: Hoàng | E19: =IF(NOT(ISNUMBER(E20)),0, IF(NOT(ISNUMBER(F20)), F19 + IFERROR(INDEX(G20:W20, MATCH(0, G19:W19, 0)), 0), F19 ) ) -> 2 | F19: 2 | G19: 2 | H19: 2 | I19: 1 | J19: 0 | K19: 0 | L19: 0 | M19: 0 | N19: 0 | O19: 0 | P19: 0 | Q19: 0 | R19: 0 | S19: 0 | T19: 0 | U19: 0 | V19: 0 | W19: 0
C20: Tổng quan | D20: Hằng | E20: =IF(NOT(ISNUMBER(E21)),0, IF(NOT(ISNUMBER(F21)), F20 + IFERROR(INDEX(G21:W21, MATCH(0, G20:W20, 0)), 0), F20 ) ) -> 1.5 | F20: 2 | G20: 2 | H20: 2 | I20: 1 | J20: 0 | K20: 0 | L20: 0 | M20: 0 | N20: 0 | O20: 0 | P20: 0 | Q20: 0 | R20: 0 | S20: 0 | T20: 0 | U20: 0 | V20: 0 | W20: 0
E21: =IF(NOT(ISNUMBER(E22)),0, IF(NOT(ISNUMBER(F22)), F21 + IFERROR(INDEX(G22:W22, MATCH(0, G21:W21, 0)), 0), F21 ) ) -> 0 | J21: -0.5
C22: Quản lý tài khoản người dùng | D22: Nguyên | E22: =IF(NOT(ISNUMBER(E23)),0, IF(NOT(ISNUMBER(F23)), F22 + IFERROR(INDEX(G23:W23, MATCH(0, G22:W22, 0)), 0), F22 ) ) -> 2 | F22: 2 | G22: 2 | H22: 2 | I22: 1 | J22: 0 | K22: 0 | L22: 0 | M22: 0 | N22: 0 | O22: 0 | P22: 0 | Q22: 0 | R22: 0 | S22: 0 | T22: 0 | U22: 0 | V22: 0 | W22: 0
C23: Theo dõi hoạt động người dùng | D23: Dũng | E23: =IF(NOT(ISNUMBER(E24)),0, IF(NOT(ISNUMBER(F24)), F23 + IFERROR(INDEX(G24:W24, MATCH(0, G23:W23, 0)), 0), F23 ) ) -> 3 | F23: 2 | G23: 2 | H23: 2 | I23: 1 | J23: 0 | K23: 0 | L23: 0 | M23: 0 | N23: 0 | O23: 0 | P23: 0 | Q23: 0 | R23: 0 | S23: 0 | T23: 0 | U23: 0 | V23: 0 | W23: 0
E24: =IF(NOT(ISNUMBER(E25)),0, IF(NOT(ISNUMBER(F25)), F24 + IFERROR(INDEX(G25:W25, MATCH(0, G24:W24, 0)), 0), F24 ) ) -> 0 | J24: 1
C25: Xem thống kê và báo cáo | D25: Nhi | E25: =IF(NOT(ISNUMBER(E26)),0, IF(NOT(ISNUMBER(F26)), F25 + IFERROR(INDEX(G26:W26, MATCH(0, G25:W25, 0)), 0), F25 ) ) -> 2 | F25: 2 | G25: 2 | H25: 2 | I25: 1 | J25: 0 | K25: 0 | L25: 0 | M25: 0 | N25: 0 | O25: 0 | P25: 0 | Q25: 0 | R25: 0 | S25: 0 | T25: 0 | U25: 0 | V25: 0 | W25: 0
C26: Review of Sprint 3 | D26: All Team | E26: =IF(NOT(ISNUMBER(E27)),0, IF(NOT(ISNUMBER(F27)), F26 + IFERROR(INDEX(G27:W27, MATCH(0, G26:W26, 0)), 0), F26 ) ) -> 10 | F26: 10 | G26: 10 | H26: 10 | I26: 5 | J26: 0 | K26: 0 | L26: 0 | M26: 0 | N26: 0 | O26: 0 | P26: 0 | Q26: 0 | R26: 0 | S26: 0 | T26: 0 | U26: 0 | V26: 0 | W26: 0
B27: Design Test Case | C27: Đăng nhập | D27: Hằng | E27: =IF(NOT(ISNUMBER(E28)),0, IF(NOT(ISNUMBER(F28)), F27 + IFERROR(INDEX(G28:W28, MATCH(0, G27:W27, 0)), 0), F27 ) ) -> 2 | F27: 2 | G27: 2 | H27: 2 | I27: 2 | J27: 2 | K27: 1 | L27: 0 | M27: 0 | N27: 0 | O27: 0 | P27: 0 | Q27: 0 | R27: 0 | S27: 0 | T27: 0 | U27: 0 | V27: 0 | W27: 0
C28: Tổng quan | D28: Dũng | E28: =IF(NOT(ISNUMBER(E29)),0, IF(NOT(ISNUMBER(F29)), F28 + IFERROR(INDEX(G29:W29, MATCH(0, G28:W28, 0)), 0), F28 ) ) -> 2.5 | F28: 2 | G28: 2 | H28: 2 | I28: 2 | J28: 2 | K28: 1 | L28: 0 | M28: 0 | N28: 0 | O28: 0 | P28: 0 | Q28: 0 | R28: 0 | S28: 0 | T28: 0 | U28: 0 | V28: 0 | W28: 0
E29: =IF(NOT(ISNUMBER(E30)),0, IF(NOT(ISNUMBER(F30)), F29 + IFERROR(INDEX(G30:W30, MATCH(0, G29:W29, 0)), 0), F29 ) ) -> 0 | L29: 0.5
C30: Quản lý tài khoản người dùng | D30: Nhi | E30: =IF(NOT(ISNUMBER(E31)),0, IF(NOT(ISNUMBER(F31)), F30 + IFERROR(INDEX(G31:W31, MATCH(0, G30:W30, 0)), 0), F30 ) ) -> 2 | F30: 2 | G30: 2 | H30: 2 | I30: 2 | J30: 2 | K30: 1 | L30: 0 | M30: 0 | N30: 0 | O30: 0 | P30: 0 | Q30: 0 | R30: 0 | S30: 0 | T30: 0 | U30: 0 | V30: 0 | W30: 0
C31: Theo dõi hoạt động người dùng | D31: Hoàng | E31: =IF(NOT(ISNUMBER(E32)),0, IF(NOT(ISNUMBER(F32)), F31 + IFERROR(INDEX(G32:W32, MATCH(0, G31:W31, 0)), 0), F31 ) ) -> 2 | F31: 2 | G31: 2 | H31: 2 | I31: 2 | J31: 2 | K31: 1 | L31: 0 | M31: 0 | N31: 0 | O31: 0 | P31: 0 | Q31: 0 | R31: 0 | S31: 0 | T31: 0 | U31: 0 | V31: 0 | W31: 0
C32: Xem thống kê và báo cáo | D32: Nguyên | E32: =IF(NOT(ISNUMBER(E33)),0, IF(NOT(ISNUMBER(F33)), F32 + IFERROR(INDEX(G33:W33, MATCH(0, G32:W32, 0)), 0), F32 ) ) -> 2 | F32: 2 | G32: 2 | H32: 2 | I32: 2 | J32: 2 | K32: 1 | L32: 0 | M32: 0 | N32: 0 | O32: 0 | P32: 0 | Q32: 0 | R32: 0 | S32: 0 | T32: 0 | U32: 0 | V32: 0 | W32: 0
C33: Review all test case of Sprint 3 | D33: All Team | E33: =IF(NOT(ISNUMBER(E34)),0, IF(NOT(ISNUMBER(F34)), F33 + IFERROR(INDEX(G34:W34, MATCH(0, G33:W33, 0)), 0), F33 ) ) -> 10 | F33: 10 | G33: 10 | H33: 10 | I33: 10 | J33: 10 | K33: 5 | L33: 0 | M33: 0 | N33: 0 | O33: 0 | P33: 0 | Q33: 0 | R33: 0 | S33: 0 | T33: 0 | U33: 0 | V33: 0 | W33: 0
B34: Coding | C34: Code BackEnd Đăng nhập | D34: Hoàng | E34: =IF(NOT(ISNUMBER(E35)),0, IF(NOT(ISNUMBER(F35)), F34 + IFERROR(INDEX(G35:W35, MATCH(0, G34:W34, 0)), 0), F34 ) ) -> 6 | F34: 5 | G34: 5 | H34: 5 | I34: 5 | J34: 5 | K34: 5 | L34: 5 | M34: 3 | N34: 2 | O34: 0 | P34: 0 | Q34: 0 | R34: 0 | S34: 0 | T34: 0 | U34: 0 | V34: 0 | W34: 0
E35: =IF(NOT(ISNUMBER(E36)),0, IF(NOT(ISNUMBER(F36)), F35 + IFERROR(INDEX(G36:W36, MATCH(0, G35:W35, 0)), 0), F35 ) ) -> 0 | O35: 1
C36: Code BackEnd Tổng quan | D36: Hằng | E36: =IF(NOT(ISNUMBER(E37)),0, IF(NOT(ISNUMBER(F37)), F36 + IFERROR(INDEX(G37:W37, MATCH(0, G36:W36, 0)), 0), F36 ) ) -> 6 | F36: 5 | G36: 5 | H36: 5 | I36: 5 | J36: 5 | K36: 5 | L36: 5 | M36: 3 | N36: 1 | O36: 0 | P36: 0 | Q36: 0 | R36: 0 | S36: 0 | T36: 0 | U36: 0 | V36: 0 | W36: 0
E37: =IF(NOT(ISNUMBER(E38)),0, IF(NOT(ISNUMBER(F38)), F37 + IFERROR(INDEX(G38:W38, MATCH(0, G37:W37, 0)), 0), F37 ) ) -> 0 | O37: 1
C38: Code BackEnd Theo dõi hoạt động | D38: Dũng | E38: =IF(NOT(ISNUMBER(E39)),0, IF(NOT(ISNUMBER(F39)), F38 + IFERROR(INDEX(G39:W39, MATCH(0, G38:W38, 0)), 0), F38 ) ) -> 5 | F38: 5 | G38: 5 | H38: 5 | I38: 5 | J38: 5 | K38: 5 | L38: 5 | M38: 3 | N38: 1 | O38: 0 | P38: 0 | Q38: 0 | R38: 0 | S38: 0 | T38: 0 | U38: 0 | V38: 0 | W38: 0
C39: Code BackEnd Thống kê | D39: Nhi | E39: =IF(NOT(ISNUMBER(E40)),0, IF(NOT(ISNUMBER(F40)), F39 + IFERROR(INDEX(G40:W40, MATCH(0, G39:W39, 0)), 0), F39 ) ) -> 5.5 | F39: 5 | G39: 5 | H39: 5 | I39: 5 | J39: 5 | K39: 5 | L39: 5 | M39: 3 | N39: 1 | O39: 0 | P39: 0 | Q39: 0 | R39: 0 | S39: 0 | T39: 0 | U39: 0 | V39: 0 | W39: 0
E40: =IF(NOT(ISNUMBER(E41)),0, IF(NOT(ISNUMBER(F41)), F40 + IFERROR(INDEX(G41:W41, MATCH(0, G40:W40, 0)), 0), F40 ) ) -> 0 | O40: 0.5
C41: Code FrontEnd Đăng nhập | D41: Hoàng | E41: =IF(NOT(ISNUMBER(E42)),0, IF(NOT(ISNUMBER(F42)), F41 + IFERROR(INDEX(G42:W42, MATCH(0, G41:W41, 0)), 0), F41 ) ) -> 5 | F41: 5 | G41: 5 | H41: 5 | I41: 5 | J41: 5 | K41: 5 | L41: 5 | M41: 3 | N41: 1 | O41: 0 | P41: 0 | Q41: 0 | R41: 0 | S41: 0 | T41: 0 | U41: 0 | V41: 0 | W41: 0
C42: Code FrontEnd Tổng quan | D42: Hằng | E42: =IF(NOT(ISNUMBER(E43)),0, IF(NOT(ISNUMBER(F43)), F42 + IFERROR(INDEX(G43:W43, MATCH(0, G42:W42, 0)), 0), F42 ) ) -> 5 | F42: 5 | G42: 5 | H42: 5 | I42: 5 | J42: 5 | K42: 5 | L42: 5 | M42: 5 | N42: 5 | O42: 4.5 | P42: 3.5 | Q42: 1.5 | R42: 0 | S42: 0 | T42: 0 | U42: 0 | V42: 0 | W42: 0
C43: Code FrontEnd Quản lý tài khoản | D43: Nguyên | E43: =IF(NOT(ISNUMBER(E44)),0, IF(NOT(ISNUMBER(F44)), F43 + IFERROR(INDEX(G44:W44, MATCH(0, G43:W43, 0)), 0), F43 ) ) -> 5 | F43: 5 | G43: 5 | H43: 5 | I43: 5 | J43: 5 | K43: 5 | L43: 5 | M43: 5 | N43: 5 | O43: 4.5 | P43: 3 | Q43: 1.5 | R43: 0 | S43: 0 | T43: 0 | U43: 0 | V43: 0 | W43: 0
C44: Code FrontEnd Quản lý dữ liệu | D44: Nguyên | E44: =IF(NOT(ISNUMBER(E45)),0, IF(NOT(ISNUMBER(F45)), F44 + IFERROR(INDEX(G45:W45, MATCH(0, G44:W44, 0)), 0), F44 ) ) -> 5 | F44: 5 | G44: 5 | H44: 5 | I44: 5 | J44: 5 | K44: 5 | L44: 5 | M44: 5 | N44: 5 | O44: 4.5 | P44: 3 | Q44: 1.5 | R44: 0 | S44: 0 | T44: 0 | U44: 0 | V44: 0 | W44: 0
C45: Code FrontEnd Xem thống kê tổng quan | D45: Dũng | E45: =IF(NOT(ISNUMBER(E46)),0, IF(NOT(ISNUMBER(F46)), F45 + IFERROR(INDEX(G46:W46, MATCH(0, G45:W45, 0)), 0), F45 ) ) -> 5 | F45: 5 | G45: 5 | H45: 5 | I45: 5 | J45: 5 | K45: 5 | L45: 5 | M45: 5 | N45: 5 | O45: 4.5 | P45: 3 | Q45: 1.5 | R45: 0 | S45: 0 | T45: 0 | U45: 0 | V45: 0 | W45: 0
C46: Code FrontEnd Xem thống kê | D46: Nhi | E46: =IF(NOT(ISNUMBER(E47)),0, IF(NOT(ISNUMBER(F47)), F46 + IFERROR(INDEX(G47:W47, MATCH(0, G46:W46, 0)), 0), F46 ) ) -> 6 | F46: 5 | G46: 5 | H46: 5 | I46: 5 | J46: 5 | K46: 5 | L46: 5 | M46: 5 | N46: 5 | O46: 4.5 | P46: 3 | Q46: 2 | R46: 0 | S46: 0 | T46: 0 | U46: 0 | V46: 0 | W46: 0
E47: =IF(NOT(ISNUMBER(E48)),0, IF(NOT(ISNUMBER(F48)), F47 + IFERROR(INDEX(G48:W48, MATCH(0, G47:W47, 0)), 0), F47 ) ) -> 0 | R47: 1
C48: Integrate Code | D48: All Team | E48: =IF(NOT(ISNUMBER(E49)),0, IF(NOT(ISNUMBER(F49)), F48 + IFERROR(INDEX(G49:W49, MATCH(0, G48:W48, 0)), 0), F48 ) ) -> 10 | F48: 10 | G48: 10 | H48: 10 | I48: 10 | J48: 10 | K48: 10 | L48: 10 | M48: 10 | N48: 10 | O48: 7.5 | P48: 4.5 | Q48: 2 | R48: 0 | S48: 0 | T48: 0 | U48: 0 | V48: 0 | W48: 0
B49: Testing | C49: Đăng nhập | D49: Hằng | E49: =IF(NOT(ISNUMBER(E50)),0, IF(NOT(ISNUMBER(F50)), F49 + IFERROR(INDEX(G50:W50, MATCH(0, G49:W49, 0)), 0), F49 ) ) -> 4 | F49: 4 | G49: 4 | H49: 4 | I49: 4 | J49: 4 | K49: 4 | L49: 4 | M49: 4 | N49: 4 | O49: 4 | P49: 4 | Q49: 4 | R49: 4 | S49: 2 | T49: 0 | U49: 0 | V49: 0 | W49: 0
C50: Tổng quan | D50: Dũng | E50: =IF(NOT(ISNUMBER(E51)),0, IF(NOT(ISNUMBER(F51)), F50 + IFERROR(INDEX(G51:W51, MATCH(0, G50:W50, 0)), 0), F50 ) ) -> 4 | F50: 4 | G50: 4 | H50: 4 | I50: 4 | J50: 4 | K50: 4 | L50: 4 | M50: 4 | N50: 4 | O50: 4 | P50: 4 | Q50: 4 | R50: 4 | S50: 2 | T50: 0 | U50: 0 | V50: 0 | W50: 0
C51: Quản lý tài khoản người dùng | D51: Nhi | E51: =IF(NOT(ISNUMBER(E52)),0, IF(NOT(ISNUMBER(F52)), F51 + IFERROR(INDEX(G52:W52, MATCH(0, G51:W51, 0)), 0), F51 ) ) -> 4 | F51: 4 | G51: 4 | H51: 4 | I51: 4 | J51: 4 | K51: 4 | L51: 4 | M51: 4 | N51: 4 | O51: 4 | P51: 4 | Q51: 4 | R51: 4 | S51: 2 | T51: 0 | U51: 0 | V51: 0 | W51: 0
C52: Theo dõi hoạt động người dùng | D52: Hoàng | E52: =IF(NOT(ISNUMBER(E53)),0, IF(NOT(ISNUMBER(F53)), F52 + IFERROR(INDEX(G53:W53, MATCH(0, G52:W52, 0)), 0), F52 ) ) -> 4 | F52: 4 | G52: 4 | H52: 4 | I52: 4 | J52: 4 | K52: 4 | L52: 4 | M52: 4 | N52: 4 | O52: 4 | P52: 4 | Q52: 4 | R52: 4 | S52: 2 | T52: 0 | U52: 0 | V52: 0 | W52: 0
C53: Xem thống kê | D53: Nguyên | E53: =IF(NOT(ISNUMBER(E54)),0, IF(NOT(ISNUMBER(F54)), F53 + IFERROR(INDEX(G54:W54, MATCH(0, G53:W53, 0)), 0), F53 ) ) -> 5.5 | F53: 4 | G53: 4 | H53: 4 | I53: 4 | J53: 4 | K53: 4 | L53: 4 | M53: 4 | N53: 4 | O53: 4 | P53: 4 | Q53: 4 | R53: 4 | S53: 2 | T53: 0 | U53: 0 | V53: 0 | W53: 0
E54: =IF(NOT(ISNUMBER(E55)),0, IF(NOT(ISNUMBER(F55)), F54 + IFERROR(INDEX(G55:W55, MATCH(0, G54:W54, 0)), 0), F54 ) ) -> 0 | T54: 1.5
B55: Fix Bugs | C55: Đăng nhập | D55: Hoàng | E55: =IF(NOT(ISNUMBER(E56)),0, IF(NOT(ISNUMBER(F56)), F55 + IFERROR(INDEX(G56:W56, MATCH(0, G55:W55, 0)), 0), F55 ) ) -> 2 | F55: 2 | G55: 2 | H55: 2 | I55: 2 | J55: 2 | K55: 2 | L55: 2 | M55: 2 | N55: 2 | O55: 2 | P55: 2 | Q55: 2 | R55: 2 | S55: 2 | T55: 2 | U55: 0 | V55: 0 | W55: 0
C56: Tổng quan | D56: Hằng | E56: =IF(NOT(ISNUMBER(E57)),0, IF(NOT(ISNUMBER(F57)), F56 + IFERROR(INDEX(G57:W57, MATCH(0, G56:W56, 0)), 0), F56 ) ) -> 2 | F56: 2 | G56: 2 | H56: 2 | I56: 2 | J56: 2 | K56: 2 | L56: 2 | M56: 2 | N56: 2 | O56: 2 | P56: 2 | Q56: 2 | R56: 2 | S56: 2 | T56: 2 | U56: 0 | V56: 0 | W56: 0
C57: Quản lý tài khoản người dùng | D57: Nguyên | E57: =IF(NOT(ISNUMBER(E58)),0, IF(NOT(ISNUMBER(F58)), F57 + IFERROR(INDEX(G58:W58, MATCH(0, G57:W57, 0)), 0), F57 ) ) -> 2 | F57: 2 | G57: 2 | H57: 2 | I57: 2 | J57: 2 | K57: 2 | L57: 2 | M57: 2 | N57: 2 | O57: 2 | P57: 2 | Q57: 2 | R57: 2 | S57: 2 | T57: 2 | U57: 0 | V57: 0 | W57: 0
C58: Theo dõi hoạt động người dùng | D58: Dũng | E58: =IF(NOT(ISNUMBER(E59)),0, IF(NOT(ISNUMBER(F59)), F58 + IFERROR(INDEX(G59:W59, MATCH(0, G58:W58, 0)), 0), F58 ) ) -> 2 | F58: 2 | G58: 2 | H58: 2 | I58: 2 | J58: 2 | K58: 2 | L58: 2 | M58: 2 | N58: 2 | O58: 2 | P58: 2 | Q58: 2 | R58: 2 | S58: 2 | T58: 2 | U58: 0 | V58: 0 | W58: 0
C59: Xem thống kê | D59: Nhi | E59: =IF(NOT(ISNUMBER(E60)),0, IF(NOT(ISNUMBER(F60)), F59 + IFERROR(INDEX(G60:W60, MATCH(0, G59:W59, 0)), 0), F59 ) ) -> 3 | F59: 2 | G59: 2 | H59: 2 | I59: 2 | J59: 2 | K59: 2 | L59: 2 | M59: 2 | N59: 2 | O59: 2 | P59: 2 | Q59: 2 | R59: 2 | S59: 2 | T59: 2 | U59: 0 | V59: 0 | W59: 0
E60: =IF(NOT(ISNUMBER(E61)),0, IF(NOT(ISNUMBER(F61)), F60 + IFERROR(INDEX(G61:W61, MATCH(0, G60:W60, 0)), 0), F60 ) ) -> 0 | U60: 1
B61: Re-Testing | C61: Đăng nhập | D61: Hằng | E61: =IF(NOT(ISNUMBER(E62)),0, IF(NOT(ISNUMBER(F62)), F61 + IFERROR(INDEX(G62:W62, MATCH(0, G61:W61, 0)), 0), F61 ) ) -> 2 | F61: 2 | G61: 2 | H61: 2 | I61: 2 | J61: 2 | K61: 2 | L61: 2 | M61: 2 | N61: 2 | O61: 2 | P61: 2 | Q61: 2 | R61: 2 | S61: 2 | T61: 2 | U61: 2 | V61: 0 | W61: 0
C62: Tổng quan | D62: Dũng | E62: =IF(NOT(ISNUMBER(E63)),0, IF(NOT(ISNUMBER(F63)), F62 + IFERROR(INDEX(G63:W63, MATCH(0, G62:W62, 0)), 0), F62 ) ) -> 2 | F62: 2 | G62: 2 | H62: 2 | I62: 2 | J62: 2 | K62: 2 | L62: 2 | M62: 2 | N62: 2 | O62: 2 | P62: 2 | Q62: 2 | R62: 2 | S62: 2 | T62: 2 | U62: 2 | V62: 0 | W62: 0
C63: Quản lý tài khoản người dùng | D63: Nhi | E63: =IF(NOT(ISNUMBER(E64)),0, IF(NOT(ISNUMBER(F64)), F63 + IFERROR(INDEX(G64:W64, MATCH(0, G63:W63, 0)), 0), F63 ) ) -> 1.5 | F63: 2 | G63: 2 | H63: 2 | I63: 2 | J63: 2 | K63: 2 | L63: 2 | M63: 2 | N63: 2 | O63: 2 | P63: 2 | Q63: 2 | R63: 2 | S63: 2 | T63: 2 | U63: 2 | V63: 0 | W63: 0
E64: =IF(NOT(ISNUMBER(E65)),0, IF(NOT(ISNUMBER(F65)), F64 + IFERROR(INDEX(G65:W65, MATCH(0, G64:W64, 0)), 0), F64 ) ) -> 0 | V64: -0.5
C65: Theo dõi hoạt động người dùng | D65: Hoàng | E65: =IF(NOT(ISNUMBER(E66)),0, IF(NOT(ISNUMBER(F66)), F65 + IFERROR(INDEX(G66:W66, MATCH(0, G65:W65, 0)), 0), F65 ) ) -> 2 | F65: 2 | G65: 2 | H65: 2 | I65: 2 | J65: 2 | K65: 2 | L65: 2 | M65: 2 | N65: 2 | O65: 2 | P65: 2 | Q65: 2 | R65: 2 | S65: 2 | T65: 2 | U65: 2 | V65: 0 | W65: 0
C66: Xem thống kê | D66: Nguyên | E66: =IF(NOT(ISNUMBER(E67)),0, IF(NOT(ISNUMBER(F67)), F66 + IFERROR(INDEX(G67:W67, MATCH(0, G66:W66, 0)), 0), F66 ) ) -> 2 | F66: 2 | G66: 2 | H66: 2 | I66: 2 | J66: 2 | K66: 2 | L66: 2 | M66: 2 | N66: 2 | O66: 2 | P66: 2 | Q66: 2 | R66: 2 | S66: 2 | T66: 2 | U66: 2 | V66: 0 | W66: 0
B67: Release Sprint 3 | C67: Sprint 3 review meeting | D67: All team | E67: 5 | F67: 5 | G67: 5 | H67: 5 | I67: 5 | J67: 5 | K67: 5 | L67: 5 | M67: 5 | N67: 5 | O67: 5 | P67: 5 | Q67: 5 | R67: 5 | S67: 5 | T67: 5 | U67: 5 | V67: 5 | W67: 0
C68: Sprint 3 retrospective | D68: All team | E68: 5 | F68: 5 | G68: 5 | H68: 5 | I68: 5 | J68: 5 | K68: 5 | L68: 5 | M68: 5 | N68: 5 | O68: 5 | P68: 5 | Q68: 5 | R68: 5 | S68: 5 | T68: 5 | U68: 5 | V68: 5 | W68: 0
B69: Tổng | D69: Thực tế | E69: =SUM(E16:E68) -> 176.5 | G69: =SUM(G16:G68) -> 160 | H69: =SUM(H16:H68) -> 150 | I69: =SUM(I16:I68) -> 140 | J69: =SUM(J16:J68) -> 130.5 | K69: =SUM(K16:K68) -> 120 | L69: =SUM(L16:L68) -> 110.5 | M69: =SUM(M16:M68) -> 100 | N69: =SUM(N16:N68) -> 91 | ... W69: =SUM(W16:W68) -> 0
D70: Ước tính | E70: =SUM(F16:F68) -> 170 | G70: =SUM(G16:G68) -> 160 | H70: =SUM(H16:H68) -> 150 | I70: =SUM(I16:I68) -> 140 | J70: =SUM(J16:J68)-J21-J24 -> 130 | K70: =SUM(K16:K68) -> 120 | L70: =SUM(L16:L68)-L29 -> 110 | M70: =SUM(M16:M68) -> 100 | N70: =SUM(N16:N68) -> 91 | O70: =SUM(O16:O68)-O40-O35-O37 -> 80 | P70: =SUM(P16:P68) -> 70 | Q70: =SUM(Q16:Q68) -> 60 | R70: =SUM(R16:R68)-R47 -> 50 | S70: =SUM(S16:S68) -> 40 | T70: =SUM(T16:T68)-T54 -> 30 | U70: =SUM(U16:U68)-U60 -> 20 | V70: =SUM(V16:V68)-V64 -> 10 | W70: =SUM(W16:W68) -> 0

Sheet Total
A1: SPRINT BACKLOG REPORT
B2: Dũng | D2: Hằng | F2: Hoàng | H2: Nguyên | J2: Nhi
B3: Thực tế | C3: Ước tính | D3: Thực tế | E3: Ước tính | F3: Thực tế | G3: Ước tính | H3: Thực tế | I3: Ước tính | J3: Thực tế | K3: Ước tính
A4: Sprint 1 | B4: ='Sprint 1'!D8 -> 35.3 | C4: ='Sprint 1'!E8 -> 35.3 | D4: ='Sprint 1'!D9 -> 34.8 | E4: ='Sprint 1'!E9 -> 31.8 | F4: ='Sprint 1'!D10 -> 36.3 | G4: ='Sprint 1'!E10 -> 34.3 | H4: ='Sprint 1'!D11 -> 36.8 | I4: ='Sprint 1'!E11 -> 33.8 | J4: ='Sprint 1'!D12 -> 35.3 | K4: ='Sprint 1'!E12 -> 34.8
A5: Sprint 2 | B5: ='Sprint 2'!D8 -> 35.1 | C5: ='Sprint 2'!E8 -> 33.6 | D5: ='Sprint 2'!D9 -> 35.1 | E5: ='Sprint 2'!E9 -> 33.6 | F5: ='Sprint 2'!D10 -> 35.1 | G5: ='Sprint 2'!E10 -> 33.6 | H5: ='Sprint 2'!D11 -> 35.1 | I5: ='Sprint 2'!E11 -> 34.6 | J5: ='Sprint 2'!D12 -> 35.1 | K5: ='Sprint 2'!E12 -> 34.6
A6: Sprint 3 | B6: ='Sprint 3'!D8 -> 35.1 | C6: ='Sprint 3'!E8 -> 33.6 | D6: ='Sprint 3'!D9 -> 35.1 | E6: ='Sprint 3'!E9 -> 34.6 | F6: ='Sprint 3'!D10 -> 35.6 | G6: ='Sprint 3'!E10 -> 34.6 | H6: ='Sprint 3'!D11 -> 35.1 | I6: ='Sprint 3'!E11 -> 33.6 | J6: ='Sprint 3'!D12 -> 35.6 | K6: ='Sprint 3'!E12 -> 33.6
A7: Tổng | B7: =SUM(B4:B6) -> 105.5 | C7: =SUM(C4:C6) -> 102.5 | D7: =SUM(D4:D6) -> 105 | E7: =SUM(E4:E6) -> 100 | F7: =SUM(F4:F6) -> 107 | G7: =SUM(G4:G6) -> 102.5 | H7: =SUM(H4:H6) -> 107 | I7: =SUM(I4:I6) -> 102 | ... K7: =SUM(K4:K6) -> 103
E10: FINAL TOTAL
E11: Thực tế | F11: =SUMIF($B$3:$K$3,"Thực tế",$B$7:$K$7) -> 530.5
E12: Ước tính | F12: =SUMIF($B$3:$K$3,"Ước tính",$B$7:$K$7) -> 510
