Workbook

Sheet Sprint 1
A1: Project name: | C1: THIẾT KẾ VÀ PHÁT TRIỂN NỀN TẢNG HỌC TẬP THÔNG MINH TÍCH HỢP TRỢ LÝ ẢO AI VÀ CÁ NHÂN HOÁ LỘ TRÌNH HỌC TẬP | E1: Kết thúc đúng hạn
A2: Module name: | C2: Sprint 1 | E2: Muộn
A3: Start date: | C3: 22/3/2026 | E3: Trước thời hạn
A4: End date: | C4: 46207
B6: SPRINT 1 REPORT
B7: No | C7: Thành viên | D7: Thực tế | E7: Ước tính
B8: 1 | C8: Trần Duy Dũng | D8: {=SUMPRODUCT( ISNUMBER(SEARCH("All Team",D16:D87))*(E16:E87/5) + ISNUMBER(SEARCH("Dũng",D16:D87))* E16:E87/(LEN(D16:D87)-LEN(SUBSTITUTE(D16:D87,",",""))+1) )} -> 35.3 | E8: {=SUMPRODUCT( ISNUMBER(SEARCH("All Team",D16:D87))*(F16:F87/5) + ISNUMBER(SEARCH("Dũng",D16:D87))* F16:F87/(LEN(D16:D87)-LEN(SUBSTITUTE(D16:D87,",",""))+1) )} -> 34.3
B9: 2 | C9: Trần Thị Thuý Hằng | D9: {=SUMPRODUCT( ISNUMBER(SEARCH("All Team",D16:D87))*(E16:E87/5) + ISNUMBER(SEARCH("Hằng",D16:D87))* E16:E87/(LEN(D16:D87)-LEN(SUBSTITUTE(D16:D87,",",""))+1) )} -> 32.633333 | E9: {=SUMPRODUCT( ISNUMBER(SEARCH("All Team",D16:D87))*(F16:F87/5) + ISNUMBER(SEARCH("Hằng",D16:D87))* F16:F87/(LEN(D16:D87)-LEN(SUBSTITUTE(D16:D87,",",""))+1) )} -> 31.633333
B10: 3 | C10: Trần Huy Hoàng | D10: {=SUMPRODUCT( ISNUMBER(SEARCH("All Team",D16:D87))*(E16:E87/5) + ISNUMBER(SEARCH("Hoàng",D16:D87))* E16:E87/(LEN(D16:D87)-LEN(SUBSTITUTE(D16:D87,",",""))+1) )} -> 33.633333 | E10: {=SUMPRODUCT( ISNUMBER(SEARCH("All Team",D16:D87))*(F16:F87/5) + ISNUMBER(SEARCH("Hoàng",D16:D87))* F16:F87/(LEN(D16:D87)-LEN(SUBSTITUTE(D16:D87,",",""))+1) )} -> 33.133333
B11: 4 | C11: Nguyễn Lê Nguyên | D11: {=SUMPRODUCT( ISNUMBER(SEARCH("All Team",D16:D87))*(E16:E87/5) + ISNUMBER(SEARCH("Nguyên",D16:D87))* E16:E87/(LEN(D16:D87)-LEN(SUBSTITUTE(D16:D87,",",""))+1) )} -> 35.3 | E11: {=SUMPRODUCT( ISNUMBER(SEARCH("All Team",D16:D87))*(F16:F87/5) + ISNUMBER(SEARCH("Nguyên",D16:D87))* F16:F87/(LEN(D16:D87)-LEN(SUBSTITUTE(D16:D87,",",""))+1) )} -> 33.3
B12: 5 | C12: Trần Thị Yến Nhi | D12: {=SUMPRODUCT( ISNUMBER(SEARCH("All Team",D16:D87))*(E16:E87/5) + ISNUMBER(SEARCH("Nhi",D16:D87))* E16:E87/(LEN(D16:D87)-LEN(SUBSTITUTE(D16:D87,",",""))+1) )} -> 34.633333 | E12: {=SUMPRODUCT( ISNUMBER(SEARCH("All Team",D16:D87))*(F16:F87/5) + ISNUMBER(SEARCH("Nhi",D16:D87))* F16:F87/(LEN(D16:D87)-LEN(SUBSTITUTE(D16:D87,",",""))+1) )} -> 33.633333
B13: Tổng | D13: =SUM(D8:D12) -> 171.5 | E13: =SUM(E8:E12) -> 166
A15: Sprint | B15: Compoment | C15: Task name | D15: Responsible Member | E15: Thực tế | F15: Ước tính | G15: 46103 | H15: 46104 | I15: 46105 | J15: 46106 | K15: 46107 | L15: 46108 | M15: 46109 | N15: 46110 | O15: 46111 | P15: 46112 | Q15: 46113 | R15: 46114 | S15: 46115 | T15: 46116 | U15: 46117 | V15: 46118 | W15: 46119
A16: Sprint 1 | B16: Họp kế hoạch Sprint | D16: All Team | E16: 6 | F16: 6 | G16: 0 | H16: 0 | I16: 0 | J16: 0 | K16: 0 | L16: 0 | M16: 0 | N16: 0 | O16: 0 | P16: 0 | Q16: 0 | R16: 0 | S16: 0 | T16: 0 | U16: 0 | V16: 0 | W16: 0
B17: Tạo Sprint Backlog 1 | D17: Hằng, Hoàng, Nhi | E17: 7 | F17: 7 | G17: 5 | H17: 0 | I17: 0 | J17: 0 | K17: 0 | L17: 0 | M17: 0 | N17: 0 | O17: 0 | P17: 0 | Q17: 0 | R17: 0 | S17: 0 | T17: 0 | U17: 0 | V17: 0 | W17: 0
B18: Tạo tài liệu kiểm thử cho Sprint | D18: Nguyên, Hằng | E18: =F18+I19 -> 9 | F18: 7 | G18: 7 | H18: 2 | I18: 0 | J18: 0 | K18: 0 | L18: 0 | M18: 0 | N18: 0 | O18: 0 | P18: 0 | Q18: 0 | R18: 0 | S18: 0 | T18: 0 | U18: 0 | V18: 0 | W18: 0
I19: 2
B20: User interface design | C20: Đăng ký | D20: Dũng | E20: 2 | F20: 2 | G20: 2 | H20: 2 | I20: 1 | J20: 0 | K20: 0 | L20: 0 | M20: 0 | N20: 0 | O20: 0 | P20: 0 | Q20: 0 | R20: 0 | S20: 0 | T20: 0 | U20: 0 | V20: 0 | W20: 0
C21: Đăng nhập | D21: Dũng | E21: 2 | F21: 2 | G21: 2 | H21: 2 | I21: 1 | J21: 0 | K21: 0 | L21: 0 | M21: 0 | N21: 0 | O21: 0 | P21: 0 | Q21: 0 | R21: 0 | S21: 0 | T21: 0 | U21: 0 | V21: 0 | W21: 0
C22: Đăng xuất | D22: Hoàng | E22: 1 | F22: 1 | G22: 1 | H22: 1 | I22: 1 | J22: 0 | K22: 0 | L22: 0 | M22: 0 | N22: 0 | O22: 0 | P22: 0 | Q22: 0 | R22: 0 | S22: 0 | T22: 0 | U22: 0 | V22: 0 | W22: 0
C23: Quên mật khẩu | D23: Hoàng | E23: 2 | F23: 2 | G23: 2 | H23: 2 | I23: 1 | J23: 0 | K23: 0 | L23: 0 | M23: 0 | N23: 0 | O23: 0 | P23: 0 | Q23: 0 | R23: 0 | S23: 0 | T23: 0 | U23: 0 | V23: 0 | W23: 0
C24: Quản lý thông tin cá nhân | D24: Nhi | E24: 2 | F24: 2 | G24: 2 | H24: 2 | I24: 1 | J24: 0 | K24: 0 | L24: 0 | M24: 0 | N24: 0 | O24: 0 | P24: 0 | Q24: 0 | R24: 0 | S24: 0 | T24: 0 | U24: 0 | V24: 0 | W24: 0
C25: Quản lý lịch học bằng calendar | D25: Hằng | E25: 2 | F25: 2 | G25: 2 | H25: 2 | I25: 1 | J25: 0 | K25: 0 | L25: 0 | M25: 0 | N25: 0 | O25: 0 | P25: 0 | Q25: 0 | R25: 0 | S25: 0 | T25: 0 | U25: 0 | V25: 0 | W25: 0
C26: Quản lý danh sách công việc (todo-list) với mức độ ưu tiên và trạng thái | D26: Nguyên | E26: 3 | F26: 2 | G26: 2 | H26: 2 | I26: 2 | J26: 0 | K26: 0 | L26: 0 | M26: 0 | N26: 0 | O26: 0 | P26: 0 | Q26: 0 | R26: 0 | S26: 0 | T26: 0 | U26: 0 | V26: 0 | W26: 0
J27: 1
C28: Review of Sprint 1 | D28: All Team | E28: 6 | F28: 6 | G28: 6 | H28: 6 | I28: 3 | J28: 0 | K28: 0 | L28: 0 | M28: 0 | N28: 0 | O28: 0 | P28: 0 | Q28: 0 | R28: 0 | S28: 0 | T28: 0 | U28: 0 | V28: 0 | W28: 0
B29: Design test case | C29: Đăng ký | D29: Nhi | E29: 2 | F29: 2 | G29: 2 | H29: 2 | I29: 2 | J29: 2 | K29: 1 | L29: 0 | M29: 0 | N29: 0 | O29: 0 | P29: 0 | Q29: 0 | R29: 0 | S29: 0 | T29: 0 | U29: 0 | V29: 0 | W29: 0
C30: Đăng nhập | D30: Nhi | E30: 2 | F30: 2 | G30: 2 | H30: 2 | I30: 2 | J30: 2 | K30: 1 | L30: 0 | M30: 0 | N30: 0 | O30: 0 | P30: 0 | Q30: 0 | R30: 0 | S30: 0 | T30: 0 | U30: 0 | V30: 0 | W30: 0
C31: Đăng xuất | D31: Nguyên | E31: 1.5 | F31: 2 | G31: 2 | H31: 2 | I31: 2 | J31: 2 | K31: 0 | L31: 0 | M31: 0 | N31: 0 | O31: 0 | P31: 0 | Q31: 0 | R31: 0 | S31: 0 | T31: 0 | U31: 0 | V31: 0 | W31: 0
K32: -0.5
C33: Quên mật khẩu | D33: Nguyên | E33: 2 | F33: 2 | G33: 2 | H33: 2 | I33: 2 | J33: 2 | K33: 1 | L33: 0 | M33: 0 | N33: 0 | O33: 0 | P33: 0 | Q33: 0 | R33: 0 | S33: 0 | T33: 0 | U33: 0 | V33: 0 | W33: 0
C34: Quản lý thông tin cá nhân | D34: Hằng | E34: 1 | F34: 1 | G34: 1 | H34: 1 | I34: 1 | J34: 1 | K34: 1 | L34: 0 | M34: 0 | N34: 0 | O34: 0 | P34: 0 | Q34: 0 | R34: 0 | S34: 0 | T34: 0 | U34: 0 | V34: 0 | W34: 0
C35: Quản lý lịch học bằng calendar | D35: Dũng | E35: 1 | F35: 1 | G35: 1 | H35: 1 | I35: 1 | J35: 1 | K35: 1 | L35: 0 | M35: 0 | N35: 0 | O35: 0 | P35: 0 | Q35: 0 | R35: 0 | S35: 0 | T35: 0 | U35: 0 | V35: 0 | W35: 0
C36: Quản lý danh sách công việc (todo-list) với mức độ ưu tiên và trạng thái | D36: Hoàng | E36: 3 | F36: 2 | G36: 2 | H36: 2 | I36: 2 | J36: 2 | K36: 1 | L36: 0 | M36: 0 | N36: 0 | O36: 0 | P36: 0 | Q36: 0 | R36: 0 | S36: 0 | T36: 0 | U36: 0 | V36: 0 | W36: 0
L37: 1
C38: Review all test case of Sprint 1 | D38: All Team | E38: 6 | F38: 6 | G38: 6 | H38: 6 | I38: 6 | J38: 6 | K38: 4 | L38: 0 | M38: 0 | N38: 0 | O38: 0 | P38: 0 | Q38: 0 | R38: 0 | S38: 0 | T38: 0 | U38: 0 | V38: 0 | W38: 0
B39: Coding | C39: Code BackEnd Đăng ký | D39: Dũng | E39: 5 | F39: 4 | G39: 4 | H39: 4 | I39: 4 | J39: 4 | K39: 4 | L39: 4 | M39: 3 | N39: 0 | O39: 0 | P39: 0 | Q39: 0 | R39: 0 | S39: 0 | T39: 0 | U39: 0 | V39: 0 | W39: 0
N40: 1
C41: Code BackEnd Đăng nhập | D41: Dũng | E41: 4 | F41: 4 | G41: 4 | H41: 4 | I41: 4 | J41: 4 | K41: 4 | L41: 4 | M41: 3 | N41: 0 | O41: 0 | P41: 0 | Q41: 0 | R41: 0 | S41: 0 | T41: 0 | U41: 0 | V41: 0 | W41: 0
C42: Code BackEnd Đăng xuất | D42: Hoàng | E42: 2.5 | F42: 3 | G42: 3 | H42: 3 | I42: 3 | J42: 3 | K42: 3 | L42: 3 | M42: 3 | N42: 0 | O42: 0 | P42: 0 | Q42: 0 | R42: 0 | S42: 0 | T42: 0 | U42: 0 | V42: 0 | W42: 0
N43: -0.5
C44: Code BackEnd Quên mật khẩu | D44: Hoàng | E44: 4 | F44: 4 | G44: 4 | H44: 4 | I44: 4 | J44: 4 | K44: 4 | L44: 4 | M44: 3 | N44: 2 | O44: 0 | P44: 0 | Q44: 0 | R44: 0 | S44: 0 | T44: 0 | U44: 0 | V44: 0 | W44: 0
C45: Code BackEnd Quản lý thông tin cá nhân | D45: Nhi | E45: 4 | F45: 4 | G45: 4 | H45: 4 | I45: 4 | J45: 4 | K45: 4 | L45: 4 | M45: 3 | N45: 2 | O45: 0 | P45: 0 | Q45: 0 | R45: 0 | S45: 0 | T45: 0 | U45: 0 | V45: 0 | W45: 0
C46: Code BackEnd Quản lý lịch học bằng calendar | D46: Hằng | E46: 6 | F46: 5 | G46: 5 | H46: 5 | I46: 5 | J46: 5 | K46: 5 | L46: 5 | M46: 3 | N46: 2 | O46: 0 | P46: 0 | Q46: 0 | R46: 0 | S46: 0 | T46: 0 | U46: 0 | V46: 0 | W46: 0
O47: 1
C48: Code BackEnd Quản lý danh sách công việc (todo-list) với mức độ ưu tiên và trạng thái | D48: Nguyên | E48: 5 | F48: 4 | G48: 4 | H48: 4 | I48: 4 | J48: 4 | K48: 4 | L48: 4 | M48: 2 | N48: 1 | O48: 0 | P48: 0 | Q48: 0 | R48: 0 | S48: 0 | T48: 0 | U48: 0 | V48: 0 | W48: 0
O49: 1
C50: Code FrontEnd Đăng ký | D50: Dũng | E50: 3 | F50: 3 | G50: 3 | H50: 3 | I50: 3 | J50: 3 | K50: 3 | L50: 3 | M50: 3 | N50: 3 | O50: 3 | P50: 2 | Q50: 0.5 | R50: 0
C51: Code FrontEnd Đăng nhập | D51: Dũng | E51: 3 | F51: 3 | G51: 3 | H51: 3 | I51: 3 | J51: 3 | K51: 3 | L51: 3 | M51: 3 | N51: 3 | O51: 3 | P51: 2 | Q51: 0.5 | R51: 0 | S51: 0 | T51: 0 | U51: 0 | V51: 0 | W51: 0
C52: Code FrontEnd Đăng xuất | D52: Hoàng | E52: 2.5 | F52: 3 | G52: 3 | H52: 3 | I52: 3 | J52: 3 | K52: 3 | L52: 3 | M52: 3 | N52: 3 | O52: 2 | P52: 2 | Q52: 1 | R52: 0 | S52: 0 | T52: 0 | U52: 0 | V52: 0 | W52: 0
R53: -0.5
C54: Code FrontEnd Quên mật khẩu | D54: Hoàng | E54: 3 | F54: 3 | G54: 3 | H54: 3 | I54: 3 | J54: 3 | K54: 3 | L54: 3 | M54: 3 | N54: 3 | O54: 3 | P54: 2 | Q54: 1 | R54: 0 | S54: 0 | T54: 0 | U54: 0 | V54: 0 | W54: 0
C55: Code FrontEnd Quản lý thông tin cá nhân | D55: Nhi | E55: 3 | F55: 3 | G55: 3 | H55: 3 | I55: 3 | J55: 3 | K55: 3 | L55: 3 | M55: 3 | N55: 3 | O55: 3 | P55: 2 | Q55: 1 | R55: 0 | S55: 0 | T55: 0 | U55: 0 | V55: 0 | W55: 0
C56: Code FrontEnd Quản lý lịch học bằng calendar | D56: Hằng | E56: 3 | F56: 3 | G56: 3 | H56: 3 | I56: 3 | J56: 3 | K56: 3 | L56: 3 | M56: 3 | N56: 3 | O56: 3 | P56: 2 | Q56: 1 | R56: 0 | S56: 0 | T56: 0 | U56: 0 | V56: 0 | W56: 0
C57: Code FrontEnd Quản lý danh sách công việc (todo-list) với mức độ ưu tiên và trạng thái | D57: Nguyên | E57: 3 | F57: 3 | G57: 3 | H57: 3 | I57: 3 | J57: 3 | K57: 3 | L57: 3 | M57: 3 | N57: 3 | O57: 3 | P57: 2 | Q57: 1 | R57: 0 | S57: 0 | T57: 0 | U57: 0 | V57: 0 | W57: 0
C58: Integrate Code | D58: All Team | E58: 11 | F58: 11 | G58: 11 | H58: 11 | I58: 11 | J58: 11 | K58: 11 | L58: 11 | M58: 11 | N58: 11 | O58: 11 | P58: 8 | Q58: 4 | R58: 0 | S58: 0 | T58: 0 | U58: 0 | V58: 0 | W58: 0
B59: Testing | C59: Đăng ký | D59: Nhi | E59: 4 | F59: 3 | G59: 3 | H59: 3 | I59: 3 | J59: 3 | K59: 3 | L59: 3 | M59: 3 | N59: 3 | O59: 3 | P59: 3 | Q59: 3 | R59: 2 | S59: 1 | T59: 0 | U59: 0 | V59: 0 | W59: 0
T60: 1
C61: Đăng nhập | D61: Nhi | E61: 3 | F61: 3 | G61: 3 | H61: 3 | I61: 3 | J61: 3 | K61: 3 | L61: 3 | M61: 3 | N61: 3 | O61: 3 | P61: 3 | Q61: 3 | R61: 2 | S61: 1 | T61: 0 | U61: 0 | V61: 0 | W61: 0
C62: Đăng xuất | D62: Nguyên | E62: 0.5 | F62: 2 | G62: 2 | H62: 2 | I62: 2 | J62: 2 | K62: 2 | L62: 2 | M62: 2 | N62: 2 | O62: 2 | P62: 2 | Q62: 2 | R62: 2 | S62: 1 | T62: 0 | U62: 0 | V62: 0 | W62: 0
T63: -1.5
C64: Quên mật khẩu | D64: Nguyên | E64: 3 | F64: 3 | G64: 3 | H64: 3 | I64: 3 | J64: 3 | K64: 3 | L64: 3 | M64: 3 | N64: 3 | O64: 3 | P64: 3 | Q64: 3 | R64: 3 | S64: 1 | T64: 0 | U64: 0 | V64: 0 | W64: 0
C65: Quản lý thông tin cá nhân | D65: Hằng | E65: 2 | F65: 3 | G65: 3 | H65: 3 | I65: 3 | J65: 3 | K65: 3 | L65: 3 | M65: 3 | N65: 3 | O65: 3 | P65: 3 | Q65: 3 | R65: 3 | S65: 2 | T65: 0 | U65: 0 | V65: 0 | W65: 0
T66: -1
C67: Quản lý lịch học bằng calendar | D67: Dũng | E67: 3 | F67: 3 | G67: 3 | H67: 3 | I67: 3 | J67: 3 | K67: 3 | L67: 3 | M67: 3 | N67: 3 | O67: 3 | P67: 3 | Q67: 3 | R67: 3 | S67: 2 | T67: 0 | U67: 0 | V67: 0 | W67: 0
C68: Quản lý danh sách công việc (todo-list) với mức độ ưu tiên và trạng thái | D68: Hoàng | E68: 3 | F68: 2 | G68: 2 | H68: 2 | I68: 2 | J68: 2 | K68: 2 | L68: 2 | M68: 2 | N68: 2 | O68: 2 | P68: 2 | Q68: 2 | R68: 2 | S68: 1 | T68: 0 | U68: 0 | V68: 0 | W68: 0
T69: 1
B70: Fix Bug | C70: Đăng ký | D70: Dũng | E70: 1.5 | F70: 1.5 | G70: 1.5 | H70: 1.5 | I70: 1.5 | J70: 1.5 | K70: 1.5 | L70: 1.5 | M70: 1.5 | N70: 1.5 | O70: 1.5 | P70: 1.5 | Q70: 1.5 | R70: 1.5 | S70: 1.5 | T70: 1 | U70: 0 | V70: 0 | W70: 0
C71: Đăng nhập | D71: Dũng | E71: 1.5 | F71: 1.5 | G71: 1.5 | H71: 1.5 | I71: 1.5 | J71: 1.5 | K71: 1.5 | L71: 1.5 | M71: 1.5 | N71: 1.5 | O71: 1.5 | P71: 1.5 | Q71: 1.5 | R71: 1.5 | S71: 1.5 | T71: 1 | U71: 0 | V71: 0 | W71: 0
C72: Đăng xuất | D72: Hoàng | E72: 0.5 | F72: 1 | G72: 1 | H72: 1 | I72: 1 | J72: 1 | K72: 1 | L72: 1 | M72: 1 | N72: 1 | O72: 1 | P72: 1 | Q72: 1 | R72: 1 | S72: 1 | T72: 1 | U72: 0 | V72: 0 | W72: 0
U73: -0.5
C74: Quên mật khẩu | D74: Hoàng | E74: 1 | F74: 1 | G74: 1 | H74: 1 | I74: 1 | J74: 1 | K74: 1 | L74: 1 | M74: 1 | N74: 1 | O74: 1 | P74: 1 | Q74: 1 | R74: 1 | S74: 1 | T74: 1 | U74: 0 | V74: 0 | W74: 0
C75: Quản lý thông tin cá nhân | D75: Nhi | E75: 1.5 | F75: 1.5 | G75: 1.5 | H75: 1.5 | I75: 1.5 | J75: 1.5 | K75: 1.5 | L75: 1.5 | M75: 1.5 | N75: 1.5 | O75: 1.5 | P75: 1.5 | Q75: 1.5 | R75: 1.5 | S75: 1.5 | T75: 1 | U75: 0 | V75: 0 | W75: 0
C76: Quản lý lịch học bằng calendar | D76: Hằng | E76: 2 | F76: 2 | G76: 2 | H76: 2 | I76: 2 | J76: 2 | K76: 2 | L76: 2 | M76: 2 | N76: 2 | O76: 2 | P76: 2 | Q76: 2 | R76: 2 | S76: 2 | T76: 2 | U76: 0 | V76: 0 | W76: 0
C77: Quản lý danh sách công việc (todo-list) với mức độ ưu tiên và trạng thái | D77: Nguyên | E77: 1.5 | F77: 1.5 | G77: 1.5 | H77: 1.5 | I77: 1.5 | J77: 1.5 | K77: 1.5 | L77: 1.5 | M77: 1.5 | N77: 1.5 | O77: 1.5 | P77: 1.5 | Q77: 1.5 | R77: 1.5 | S77: 1.5 | T77: 1 | U77: 0 | V77: 0 | W77: 0
B78: Re-testing | C78: Đăng ký | D78: Nhi | E78: 1.5 | F78: 1.5 | G78: 1.5 | H78: 1.5 | I78: 1.5 | J78: 1.5 | K78: 1.5 | L78: 1.5 | M78: 1.5 | N78: 1.5 | O78: 1.5 | P78: 1.5 | Q78: 1.5 | R78: 1.5 | S78: 1.5 | T78: 1.5 | U78: 1.5 | V78: 0 | W78: 0
C79: Đăng nhập | D79: Nhi | E79: 1.5 | F79: 1.5 | G79: 1.5 | H79: 1.5 | I79: 1.5 | J79: 1.5 | K79: 1.5 | L79: 1.5 | M79: 1.5 | N79: 1.5 | O79: 1.5 | P79: 1.5 | Q79: 1.5 | R79: 1.5 | S79: 1.5 | T79: 1.5 | U79: 1.5 | V79: 0 | W79: 0
C80: Đăng xuất | D80: Nguyên | E80: 1 | F80: 1 | G80: 1 | H80: 1 | I80: 1 | J80: 1 | K80: 1 | L80: 1 | M80: 1 | N80: 1 | O80: 1 | P80: 1 | Q80: 1 | R80: 1 | S80: 1 | T80: 1 | U80: 1 | V80: 0 | W80: 0
C81: Quên mật khẩu | D81: Nguyên | E81: 2.5 | F81: 1.5 | G81: 1.5 | H81: 1.5 | I81: 1.5 | J81: 1.5 | K81: 1.5 | L81: 1.5 | M81: 1.5 | N81: 1.5 | O81: 1.5 | P81: 1.5 | Q81: 1.5 | R81: 1.5 | S81: 1.5 | T81: 1.5 | U81: 1.5 | V81: 0 | W81: 0
V82: 1
C83: Quản lý thông tin cá nhân | D83: Hằng | E83: 2 | F83: 2 | G83: 2 | H83: 2 | I83: 2 | J83: 2 | K83: 2 | L83: 2 | M83: 2 | N83: 2 | O83: 2 | P83: 2 | Q83: 2 | R83: 2 | S83: 2 | T83: 2 | U83: 2 | V83: 0 | W83: 0
C84: Quản lý lịch học bằng calendar | D84: Dũng | E84: 1.5 | F84: 1.5 | G84: 1.5 | H84: 1.5 | I84: 1.5 | J84: 1.5 | K84: 1.5 | L84: 1.5 | M84: 1.5 | N84: 1.5 | O84: 1.5 | P84: 1.5 | Q84: 1.5 | R84: 1.5 | S84: 1.5 | T84: 1.5 | U84: 1.5 | V84: 0 | W84: 0
C85: Quản lý danh sách công việc (todo-list) với mức độ ưu tiên và trạng thái | D85: Hoàng | E85: 1 | F85: 1 | G85: 1 | H85: 1 | I85: 1 | J85: 1 | K85: 1 | L85: 1 | M85: 1 | N85: 1 | O85: 1 | P85: 1 | Q85: 1 | R85: 1 | S85: 1 | T85: 1 | U85: 1 | V85: 0 | W85: 0
B86: Release Sprint 1 | C86: Sprint 1 review meeting | D86: All team | E86: 5 | F86: 5 | G86: 5 | H86: 5 | I86: 5 | J86: 5 | K86: 5 | L86: 5 | M86: 5 | N86: 5 | O86: 5 | P86: 5 | Q86: 5 | R86: 5 | S86: 5 | T86: 5 | U86: 5 | V86: 5 | W86: 0
C87: Sprint 1 retrospective | D87: All team | E87: 5 | F87: 5 | G87: 5 | H87: 5 | I87: 5 | J87: 5 | K87: 5 | L87: 5 | M87: 5 | N87: 5 | O87: 5 | P87: 5 | Q87: 5 | R87: 5 | S87: 5 | T87: 5 | U87: 5 | V87: 5 | W87: 0
B88: Tổng | D88: Thực tế | E88: =SUM(E16:E87) -> 171.5 | G88: =SUM(G16:G87) -> 158 | H88: =SUM(H16:H87) -> 148 | I88: =SUM(I16:I87) -> 140 | J88: =SUM(J16:J87) -> 128 | K88: =SUM(K16:K87) -> 118.5 | L88: =SUM(L16:L87) -> 110 | M88: =SUM(M16:M87) -> 101 | N88: =SUM(N16:N87) -> 88.5 | ... W88: =SUM(W16:W87) -> 0
D89: Ước tính | E89: =SUM(F16:F87) -> 166 | G89: =SUM(G16:G87) -> 158 | H89: =SUM(H16:H87) -> 148 | I89: =SUM(I16:I87)-I19 -> 138 | J89: =SUM(J16:J87)-(J27) -> 127 | K89: =SUM(K16:K87)-K32 -> 119 | L89: =SUM(L16:L87)-L37 -> 109 | M89: =SUM(M16:M87) -> 101 | N89: =SUM(N16:N87)-N40-N43 -> 88 | O89: =SUM(O16:O87)-(O49+O47) -> 80 | P89: =SUM(P16:P87) -> 71 | Q89: =SUM(Q16:Q87)-Q19 -> 59 | R89: =SUM(R16:R87)-R53 -> 47 | S89: =SUM(S16:S87) -> 39 | T89: =SUM(T16:T87)-(T60+T63+T66-T69) -> 30 | U89: =SUM(U16:U87)-V82 -> 18.5 | V89: =SUM(V16:V87)-V82 -> 10 | W89: =SUM(W16:W87)-W19 -> 0

Sheet Total
A1: SPRINT BACKLOG REPORT
B2: Dũng | D2: Hằng | F2: Hoàng | H2: Nguyên | J2: Nhi
B3: Thực tế | C3: Ước tính | D3: Thực tế | E3: Ước tính | F3: Thực tế | G3: Ước tính | H3: Thực tế | I3: Ước tính | J3: Thực tế | K3: Ước tính
A4: Sprint 1 | B4: ='Sprint 1'!D8 -> 35.3 | C4: ='Sprint 1'!E8 -> 34.3 | D4: ='Sprint 1'!D9 -> 32.633333 | E4: ='Sprint 1'!E9 -> 31.633333 | F4: ='Sprint 1'!D10 -> 33.633333 | G4: ='Sprint 1'!E10 -> 33.133333 | H4: ='Sprint 1'!D11 -> 35.3 | I4: ='Sprint 1'!E11 -> 33.3 | J4: ='Sprint 1'!D12 -> 34.633333 | K4: ='Sprint 1'!E12 -> 33.633333
A5: Sprint 2
A6: Sprint 3
A7: Tổng | B7: =SUM(B4:B6) -> 35.3 | C7: =SUM(C4:C6) -> 34.3 | D7: =SUM(D4:D6) -> 32.633333 | E7: =SUM(E4:E6) -> 31.633333 | F7: =SUM(F4:F6) -> 33.633333 | G7: =SUM(G4:G6) -> 33.133333 | H7: =SUM(H4:H6) -> 35.3 | I7: =SUM(I4:I6) -> 33.3 | ... K7: =SUM(K4:K6) -> 33.633333
E10: FINAL TOTAL
E11: Thực tế | F11: =SUMIF($B$3:$K$3,"Thực tế",$B$7:$K$7) -> 171.5
E12: Ước tính | F12: =SUMIF($B$3:$K$3,"Ước tính",$B$7:$K$7) -> 166
